name,load,startTime,endTime,startPos,endPos
DeRotterda.West.LW.LW02,4,2014-04-03 03:50:06,2014-04-03 03:50:21,7,1
DeRotterda.West.LW.LW02,3,2014-04-03 03:50:40,2014-04-03 03:50:48,1,0
DeRotterda.West.LW.LW02,0,2014-04-03 06:09:17,2014-04-03 06:09:38,0,12
DeRotterda.West.LW.LW02,3,2014-04-03 06:09:48,2014-04-03 06:10:09,12,0
DeRotterda.West.LW.LW02,0,2014-04-03 06:31:21,2014-04-03 06:31:31,0,2
DeRotterda.West.LW.LW02,7,2014-04-03 06:31:41,2014-04-03 06:32:12,2,25
DeRotterda.West.LW.LW02,3,2014-04-03 06:57:22,2014-04-03 06:57:43,25,10
DeRotterda.West.LW.LW02,6,2014-04-03 06:57:52,2014-04-03 06:58:12,10,0
DeRotterda.West.LW.LW02,0,2014-04-03 07:01:22,2014-04-03 07:01:53,0,22
DeRotterda.West.LW.LW02,5,2014-04-03 07:02:02,2014-04-03 07:02:30,22,2
DeRotterda.West.LW.LW02,0,2014-04-03 07:03:07,2014-04-03 07:03:25,2,12
DeRotterda.West.LW.LW02,6,2014-04-03 07:03:33,2014-04-03 07:03:56,12,0
DeRotterda.West.LW.LW02,0,2014-04-03 07:04:02,2014-04-03 07:04:25,0,14
DeRotterda.West.LW.LW02,5,2014-04-03 07:04:33,2014-04-03 07:04:57,14,0
DeRotterda.West.LW.LW02,0,2014-04-03 07:05:36,2014-04-03 07:06:09,0,23
DeRotterda.West.LW.LW02,10,2014-04-03 07:06:16,2014-04-03 07:06:46,23,2
DeRotterda.West.LW.LW02,0,2014-04-03 07:08:14,2014-04-03 07:08:24,2,0
DeRotterda.West.LW.LW02,19,2014-04-03 07:08:38,2014-04-03 07:08:57,0,9
DeRotterda.West.LW.LW02,22,2014-04-03 07:11:36,2014-04-03 07:12:03,9,29
DeRotterda.West.LW.LW02,12,2014-04-03 07:12:58,2014-04-03 07:13:09,29,25
DeRotterda.West.LW.LW02,7,2014-04-03 07:13:42,2014-04-03 07:14:04,25,9
DeRotterda.West.LW.LW02,5,2014-04-03 07:15:59,2014-04-03 07:16:18,9,0
DeRotterda.West.LW.LW02,3,2014-04-03 07:18:49,2014-04-03 07:18:57,0,1
DeRotterda.West.LW.LW02,3,2014-04-03 07:22:01,2014-04-03 07:22:09,1,2
DeRotterda.West.LW.LW02,13,2014-04-03 07:29:16,2014-04-03 07:29:53,2,30
DeRotterda.West.LW.LW02,4,2014-04-03 07:30:08,2014-04-03 07:30:20,30,25
DeRotterda.West.LW.LW02,13,2014-04-03 07:30:33,2014-04-03 07:30:59,25,44
DeRotterda.West.LW.LW02,5,2014-04-03 07:35:20,2014-04-03 07:35:41,44,30
DeRotterda.West.LW.LW02,15,2014-04-03 07:35:51,2014-04-03 07:36:31,30,0
DeRotterda.West.LW.LW02,5,2014-04-03 07:37:25,2014-04-03 07:37:35,0,2
DeRotterda.West.LW.LW02,0,2014-04-03 07:38:14,2014-04-03 07:38:24,2,0
DeRotterda.West.LW.LW02,3,2014-04-03 07:38:32,2014-04-03 07:38:50,0,9
DeRotterda.West.LW.LW02,4,2014-04-03 07:41:28,2014-04-03 07:41:47,9,22
DeRotterda.West.LW.LW02,6,2014-04-03 07:42:24,2014-04-03 07:42:44,22,9
DeRotterda.West.LW.LW02,5,2014-04-03 07:43:41,2014-04-03 07:44:09,9,30
DeRotterda.West.LW.LW02,7,2014-04-03 07:44:55,2014-04-03 07:45:10,30,22
DeRotterda.West.LW.LW02,6,2014-04-03 07:45:51,2014-04-03 07:46:11,22,9
DeRotterda.West.LW.LW02,5,2014-04-03 07:47:05,2014-04-03 07:47:25,9,0
DeRotterda.West.LW.LW02,0,2014-04-03 07:47:59,2014-04-03 07:48:22,0,14
DeRotterda.West.LW.LW02,6,2014-04-03 07:48:30,2014-04-03 07:48:54,14,0
DeRotterda.West.LW.LW02,12,2014-04-03 07:53:04,2014-04-03 07:53:56,0,43
DeRotterda.West.LW.LW02,19,2014-04-03 07:54:04,2014-04-03 07:54:11,43,42
DeRotterda.West.LW.LW02,5,2014-04-03 08:13:46,2014-04-03 08:15:14,42,14
DeRotterda.West.LW.LW02,22,2014-04-03 08:15:26,2014-04-03 08:15:35,14,12
DeRotterda.West.LW.LW02,26,2014-04-03 08:15:44,2014-04-03 08:16:04,12,1
DeRotterda.West.LW.LW02,20,2014-04-03 08:16:12,2014-04-03 08:16:21,1,0
DeRotterda.West.LW.LW02,1,2014-04-03 08:17:20,2014-04-03 08:17:39,0,8
DeRotterda.West.LW.LW02,6,2014-04-03 08:17:48,2014-04-03 08:18:05,8,0
DeRotterda.West.LW.LW02,7,2014-04-03 08:18:29,2014-04-03 08:18:50,0,12
DeRotterda.West.LW.LW02,1,2014-04-03 08:19:01,2014-04-03 08:19:40,12,44
DeRotterda.West.LW.LW02,4,2014-04-03 08:21:01,2014-04-03 08:21:22,44,30
DeRotterda.West.LW.LW02,9,2014-04-03 08:21:33,2014-04-03 08:22:03,30,7
DeRotterda.West.LW.LW02,6,2014-04-03 08:24:14,2014-04-03 08:24:44,7,30
DeRotterda.West.LW.LW02,4,2014-04-03 08:24:53,2014-04-03 08:25:06,30,25
DeRotterda.West.LW.LW02,7,2014-04-03 08:25:12,2014-04-03 08:25:47,25,0
DeRotterda.West.LW.LW02,0,2014-04-03 08:27:25,2014-04-03 08:27:56,0,22
DeRotterda.West.LW.LW02,9,2014-04-03 08:28:04,2014-04-03 08:28:36,22,0
DeRotterda.West.LW.LW02,0,2014-04-03 08:29:39,2014-04-03 08:30:03,0,14
DeRotterda.West.LW.LW02,10,2014-04-03 08:30:12,2014-04-03 08:30:36,14,0
DeRotterda.West.LW.LW02,0,2014-04-03 08:30:45,2014-04-03 08:31:09,0,15
DeRotterda.West.LW.LW02,5,2014-04-03 08:31:18,2014-04-03 08:31:43,15,0
DeRotterda.West.LW.LW02,0,2014-04-03 08:36:57,2014-04-03 08:37:51,0,44
DeRotterda.West.LW.LW02,8,2014-04-03 08:38:00,2014-04-03 08:38:06,44,43
DeRotterda.West.LW.LW02,4,2014-04-03 08:38:15,2014-04-03 08:38:22,43,42
DeRotterda.West.LW.LW02,9,2014-04-03 08:38:30,2014-04-03 08:39:20,42,1
DeRotterda.West.LW.LW02,0,2014-04-03 08:53:57,2014-04-03 08:54:12,1,8
DeRotterda.West.LW.LW02,4,2014-04-03 08:54:21,2014-04-03 08:54:39,8,0
DeRotterda.West.LW.LW02,0,2014-04-03 08:56:44,2014-04-03 08:57:38,0,44
DeRotterda.West.LW.LW02,13,2014-04-03 08:57:47,2014-04-03 08:58:13,44,25
DeRotterda.West.LW.LW02,3,2014-04-03 08:58:59,2014-04-03 08:59:33,25,0
DeRotterda.West.LW.LW02,0,2014-04-03 08:59:43,2014-04-03 08:59:53,0,2
DeRotterda.West.LW.LW02,13,2014-04-03 09:00:28,2014-04-03 09:00:56,2,22
DeRotterda.West.LW.LW02,3,2014-04-03 09:04:52,2014-04-03 09:05:06,22,15
DeRotterda.West.LW.LW02,6,2014-04-03 09:05:16,2014-04-03 09:05:41,15,0
DeRotterda.West.LW.LW02,0,2014-04-03 09:06:01,2014-04-03 09:06:37,0,26
DeRotterda.West.LW.LW02,11,2014-04-03 09:06:50,2014-04-03 09:07:15,26,44
DeRotterda.West.LW.LW02,5,2014-04-03 09:07:25,2014-04-03 09:07:40,44,36
DeRotterda.West.LW.LW02,7,2014-04-03 09:07:49,2014-04-03 09:07:56,36,35
DeRotterda.West.LW.LW02,8,2014-04-03 09:09:05,2014-04-03 09:09:12,35,34
DeRotterda.West.LW.LW02,7,2014-04-03 09:10:16,2014-04-03 09:10:23,34,35
DeRotterda.West.LW.LW02,8,2014-04-03 09:10:33,2014-04-03 09:10:42,35,33
DeRotterda.West.LW.LW02,7,2014-04-03 09:11:13,2014-04-03 09:11:20,33,32
DeRotterda.West.LW.LW02,7,2014-04-03 09:12:03,2014-04-03 09:12:11,32,31
DeRotterda.West.LW.LW02,7,2014-04-03 09:12:41,2014-04-03 09:12:47,31,30
DeRotterda.West.LW.LW02,7,2014-04-03 09:16:57,2014-04-03 09:17:04,30,29
DeRotterda.West.LW.LW02,7,2014-04-03 09:19:40,2014-04-03 09:19:47,29,28
DeRotterda.West.LW.LW02,7,2014-04-03 09:20:20,2014-04-03 09:20:27,28,27
DeRotterda.West.LW.LW02,7,2014-04-03 09:21:05,2014-04-03 09:21:12,27,26
DeRotterda.West.LW.LW02,7,2014-04-03 09:23:40,2014-04-03 09:23:47,26,25
DeRotterda.West.LW.LW02,7,2014-04-03 09:26:10,2014-04-03 09:26:17,25,24
DeRotterda.West.LW.LW02,14,2014-04-03 09:27:00,2014-04-03 09:27:10,24,21
DeRotterda.West.LW.LW02,17,2014-04-03 09:27:18,2014-04-03 09:27:39,21,7
DeRotterda.West.LW.LW02,16,2014-04-03 09:27:45,2014-04-03 09:28:02,7,0
DeRotterda.West.LW.LW02,1,2014-04-03 09:28:24,2014-04-03 09:28:58,0,24
DeRotterda.West.LW.LW02,6,2014-04-03 09:29:07,2014-04-03 09:29:15,24,23
DeRotterda.West.LW.LW02,3,2014-04-03 09:29:55,2014-04-03 09:30:28,23,0
DeRotterda.West.LW.LW02,10,2014-04-03 09:30:37,2014-04-03 09:30:53,0,7
DeRotterda.West.LW.LW02,1,2014-04-03 09:31:53,2014-04-03 09:32:30,7,22
DeRotterda.West.LW.LW02,6,2014-04-03 09:32:39,2014-04-03 09:32:46,22,21
DeRotterda.West.LW.LW02,6,2014-04-03 09:33:27,2014-04-03 09:33:34,21,20
DeRotterda.West.LW.LW02,3,2014-04-03 09:34:35,2014-04-03 09:34:44,20,22
DeRotterda.West.LW.LW02,6,2014-04-03 09:34:53,2014-04-03 09:35:01,22,20
DeRotterda.West.LW.LW02,10,2014-04-03 09:35:10,2014-04-03 09:35:17,20,19
DeRotterda.West.LW.LW02,6,2014-04-03 09:35:26,2014-04-03 09:35:54,19,0
DeRotterda.West.LW.LW02,4,2014-04-03 09:36:21,2014-04-03 09:36:56,0,25
DeRotterda.West.LW.LW02,7,2014-04-03 09:37:28,2014-04-03 09:37:53,25,7
DeRotterda.West.LW.LW02,1,2014-04-03 09:39:50,2014-04-03 09:39:56,7,8
DeRotterda.West.LW.LW02,9,2014-04-03 09:40:06,2014-04-03 09:40:23,8,0
DeRotterda.West.LW.LW02,0,2014-04-03 09:43:36,2014-04-03 09:44:01,0,15
DeRotterda.West.LW.LW02,5,2014-04-03 09:44:11,2014-04-03 09:44:17,15,14
DeRotterda.West.LW.LW02,2,2014-04-03 09:44:34,2014-04-03 09:44:58,14,0
DeRotterda.West.LW.LW02,0,2014-04-03 09:45:14,2014-04-03 09:45:24,0,2
DeRotterda.West.LW.LW02,5,2014-04-03 09:45:33,2014-04-03 09:46:01,2,22
DeRotterda.West.LW.LW02,3,2014-04-03 09:46:11,2014-04-03 09:46:52,22,17
DeRotterda.West.LW.LW02,8,2014-04-03 09:47:01,2014-04-03 09:47:27,17,0
DeRotterda.West.LW.LW02,0,2014-04-03 09:47:36,2014-04-03 09:47:58,0,13
DeRotterda.West.LW.LW02,4,2014-04-03 09:48:07,2014-04-03 09:48:13,13,12
DeRotterda.West.LW.LW02,4,2014-04-03 09:48:54,2014-04-03 09:49:01,12,11
DeRotterda.West.LW.LW02,4,2014-04-03 09:49:30,2014-04-03 09:49:37,11,10
DeRotterda.West.LW.LW02,1,2014-04-03 09:50:42,2014-04-03 09:51:03,10,24
DeRotterda.West.LW.LW02,6,2014-04-03 09:51:14,2014-04-03 09:51:35,24,10
DeRotterda.West.LW.LW02,8,2014-04-03 09:51:46,2014-04-03 09:51:53,10,9
DeRotterda.West.LW.LW02,5,2014-04-03 09:52:01,2014-04-03 09:52:10,9,7
DeRotterda.West.LW.LW02,1,2014-04-03 09:52:24,2014-04-03 09:52:32,7,9
DeRotterda.West.LW.LW02,4,2014-04-03 09:52:41,2014-04-03 09:52:48,9,8
DeRotterda.West.LW.LW02,4,2014-04-03 09:53:19,2014-04-03 09:53:26,8,7
DeRotterda.West.LW.LW02,4,2014-04-03 09:54:38,2014-04-03 09:54:55,7,0
DeRotterda.West.LW.LW02,3,2014-04-03 09:55:13,2014-04-03 09:55:25,0,4
DeRotterda.West.LW.LW02,3,2014-04-03 09:55:32,2014-04-03 09:55:43,4,0
DeRotterda.West.LW.LW02,0,2014-04-03 09:56:13,2014-04-03 09:56:30,0,8
DeRotterda.West.LW.LW02,4,2014-04-03 09:56:38,2014-04-03 09:56:56,8,0
DeRotterda.West.LW.LW02,0,2014-04-03 10:05:01,2014-04-03 10:05:18,0,7
DeRotterda.West.LW.LW02,10,2014-04-03 10:05:35,2014-04-03 10:05:52,7,0
DeRotterda.West.LW.LW02,4,2014-04-03 10:06:06,2014-04-03 10:07:04,0,44
DeRotterda.West.LW.LW02,9,2014-04-03 10:48:17,2014-04-03 10:49:11,44,0
DeRotterda.West.LW.LW02,4,2014-04-03 10:52:12,2014-04-03 10:52:40,0,18
DeRotterda.West.LW.LW02,6,2014-04-03 10:58:25,2014-04-03 10:58:52,18,0
DeRotterda.West.LW.LW02,5,2014-04-03 10:59:20,2014-04-03 10:59:47,0,17
DeRotterda.West.LW.LW02,2,2014-04-03 11:03:17,2014-04-03 11:03:28,17,21
DeRotterda.West.LW.LW02,9,2014-04-03 11:03:37,2014-04-03 11:04:07,21,0
DeRotterda.West.LW.LW02,0,2014-04-03 11:05:23,2014-04-03 11:06:17,0,44
DeRotterda.West.LW.LW02,14,2014-04-03 11:06:29,2014-04-03 11:06:55,44,25
DeRotterda.West.LW.LW02,4,2014-04-03 11:07:19,2014-04-03 11:07:44,25,7
DeRotterda.West.LW.LW02,6,2014-04-03 11:08:26,2014-04-03 11:08:43,7,0
DeRotterda.West.LW.LW02,8,2014-04-03 11:09:14,2014-04-03 11:09:25,0,3
DeRotterda.West.LW.LW02,13,2014-04-03 11:09:34,2014-04-03 11:09:46,3,7
DeRotterda.West.LW.LW02,8,2014-04-03 11:09:54,2014-04-03 11:10:13,7,18
DeRotterda.West.LW.LW02,5,2014-04-03 11:10:18,2014-04-03 11:10:32,18,25
DeRotterda.West.LW.LW02,3,2014-04-03 11:10:40,2014-04-03 11:11:15,25,0
DeRotterda.West.LW.LW02,0,2014-04-03 11:11:26,2014-04-03 11:11:42,0,7
DeRotterda.West.LW.LW02,6,2014-04-03 11:12:06,2014-04-03 11:12:22,7,0
DeRotterda.West.LW.LW02,4,2014-04-03 11:12:46,2014-04-03 11:12:56,0,2
DeRotterda.West.LW.LW02,0,2014-04-03 11:13:04,2014-04-03 11:13:19,2,9
DeRotterda.West.LW.LW02,14,2014-04-03 11:13:31,2014-04-03 11:13:41,9,12
DeRotterda.West.LW.LW02,15,2014-04-03 11:13:50,2014-04-03 11:14:26,12,41
DeRotterda.West.LW.LW02,5,2014-04-03 11:16:36,2014-04-03 11:18:03,41,0
DeRotterda.West.LW.LW02,4,2014-04-03 11:18:13,2014-04-03 11:18:24,0,2
DeRotterda.West.LW.LW02,9,2014-04-03 11:18:34,2014-04-03 11:18:47,2,7
DeRotterda.West.LW.LW02,5,2014-04-03 11:18:59,2014-04-03 11:19:10,7,12
DeRotterda.West.LW.LW02,5,2014-04-03 11:19:20,2014-04-03 11:19:30,12,15
DeRotterda.West.LW.LW02,2,2014-04-03 11:23:26,2014-04-03 11:23:42,15,25
DeRotterda.West.LW.LW02,11,2014-04-03 11:23:54,2014-04-03 11:24:03,25,24
DeRotterda.West.LW.LW02,13,2014-04-03 11:26:41,2014-04-03 11:27:08,24,44
DeRotterda.West.LW.LW02,5,2014-04-03 11:29:31,2014-04-03 11:29:58,44,25
DeRotterda.West.LW.LW02,17,2014-04-03 11:30:09,2014-04-03 11:30:32,25,9
DeRotterda.West.LW.LW02,2,2014-04-03 11:30:42,2014-04-03 11:31:01,9,0
DeRotterda.West.LW.LW02,4,2014-04-03 11:31:08,2014-04-03 11:31:39,0,20
DeRotterda.West.LW.LW02,3,2014-04-03 11:31:45,2014-04-03 11:32:03,20,9
DeRotterda.West.LW.LW02,14,2014-04-03 11:32:13,2014-04-03 11:32:21,9,7
DeRotterda.West.LW.LW02,21,2014-04-03 11:32:30,2014-04-03 11:32:46,7,0
DeRotterda.West.LW.LW02,0,2014-04-03 11:33:11,2014-04-03 11:33:30,0,10
DeRotterda.West.LW.LW02,4,2014-04-03 11:33:39,2014-04-03 11:33:58,10,0
DeRotterda.West.LW.LW02,4,2014-04-03 11:34:39,2014-04-03 11:34:55,0,7
DeRotterda.West.LW.LW02,11,2014-04-03 11:35:04,2014-04-03 11:35:12,7,9
DeRotterda.West.LW.LW02,5,2014-04-03 11:35:20,2014-04-03 11:36:02,9,44
DeRotterda.West.LW.LW02,5,2014-04-03 11:45:08,2014-04-03 11:45:17,44,42
DeRotterda.West.LW.LW02,10,2014-04-03 11:45:26,2014-04-03 11:46:17,42,1
DeRotterda.West.LW.LW02,5,2014-04-03 11:46:25,2014-04-03 11:47:15,1,42
DeRotterda.West.LW.LW02,9,2014-04-03 11:48:33,2014-04-03 11:49:22,42,2
DeRotterda.West.LW.LW02,5,2014-04-03 11:52:38,2014-04-03 11:53:28,2,42
DeRotterda.West.LW.LW02,4,2014-04-03 12:20:10,2014-04-03 12:20:19,42,44
DeRotterda.West.LW.LW02,15,2014-04-03 12:20:29,2014-04-03 12:21:22,44,0
DeRotterda.West.LW.LW02,0,2014-04-03 12:21:32,2014-04-03 12:22:05,0,24
DeRotterda.West.LW.LW02,8,2014-04-03 12:22:13,2014-04-03 12:22:47,24,0
DeRotterda.West.LW.LW02,0,2014-04-03 12:26:48,2014-04-03 12:26:59,0,3
DeRotterda.West.LW.LW02,5,2014-04-03 12:27:08,2014-04-03 12:27:19,3,0
DeRotterda.West.LW.LW02,4,2014-04-03 12:28:53,2014-04-03 12:29:33,0,30
DeRotterda.West.LW.LW02,4,2014-04-03 12:30:30,2014-04-03 12:30:49,30,42
DeRotterda.West.LW.LW02,11,2014-04-03 12:31:00,2014-04-03 12:31:07,42,43
DeRotterda.West.LW.LW02,5,2014-04-03 12:31:17,2014-04-03 12:31:24,43,42
DeRotterda.West.LW.LW02,5,2014-04-03 12:32:06,2014-04-03 12:32:12,42,43
DeRotterda.West.LW.LW02,12,2014-04-03 12:32:22,2014-04-03 12:33:15,43,0
DeRotterda.West.LW.LW02,6,2014-04-03 12:33:45,2014-04-03 12:34:13,0,19
DeRotterda.West.LW.LW02,3,2014-04-03 12:34:23,2014-04-03 12:34:34,19,23
DeRotterda.West.LW.LW02,11,2014-04-03 12:34:44,2014-04-03 12:35:17,23,0
DeRotterda.West.LW.LW02,3,2014-04-03 12:36:01,2014-04-03 12:36:54,0,43
DeRotterda.West.LW.LW02,5,2014-04-03 12:46:28,2014-04-03 13:02:05,43,25
DeRotterda.West.LW.LW02,7,2014-04-03 13:02:19,2014-04-03 13:02:54,25,0
DeRotterda.West.LW.LW02,4,2014-04-03 13:09:03,2014-04-03 13:09:38,0,25
DeRotterda.West.LW.LW02,3,2014-04-03 13:09:47,2014-04-03 13:10:11,25,43
DeRotterda.West.LW.LW02,11,2014-04-03 13:10:21,2014-04-03 13:11:14,43,0
DeRotterda.West.LW.LW02,0,2014-04-03 13:11:24,2014-04-03 13:11:36,0,4
DeRotterda.West.LW.LW02,4,2014-04-03 13:11:43,2014-04-03 13:12:05,4,17
DeRotterda.West.LW.LW02,2,2014-04-03 13:13:36,2014-04-03 13:13:45,17,19
DeRotterda.West.LW.LW02,11,2014-04-03 13:15:23,2014-04-03 13:15:35,19,24
DeRotterda.West.LW.LW02,12,2014-04-03 13:18:00,2014-04-03 13:18:27,24,44
DeRotterda.West.LW.LW02,5,2014-04-03 13:21:24,2014-04-03 13:21:50,44,25
DeRotterda.West.LW.LW02,9,2014-04-03 13:22:07,2014-04-03 13:22:31,25,8
DeRotterda.West.LW.LW02,7,2014-04-03 13:22:46,2014-04-03 13:22:54,8,10
DeRotterda.West.LW.LW02,2,2014-04-03 13:24:48,2014-04-03 13:24:55,10,11
DeRotterda.West.LW.LW02,10,2014-04-03 13:25:04,2014-04-03 13:25:24,11,0
DeRotterda.West.LW.LW02,0,2014-04-03 13:27:01,2014-04-03 13:27:20,0,10
DeRotterda.West.LW.LW02,6,2014-04-03 13:27:50,2014-04-03 13:27:57,10,11
DeRotterda.West.LW.LW02,7,2014-04-03 13:28:11,2014-04-03 13:28:18,11,12
DeRotterda.West.LW.LW02,7,2014-04-03 13:28:29,2014-04-03 13:28:36,12,13
DeRotterda.West.LW.LW02,7,2014-04-03 13:28:46,2014-04-03 13:28:53,13,14
DeRotterda.West.LW.LW02,7,2014-04-03 13:29:06,2014-04-03 13:29:12,14,15
DeRotterda.West.LW.LW02,7,2014-04-03 13:29:24,2014-04-03 13:29:31,15,16
DeRotterda.West.LW.LW02,8,2014-04-03 13:29:42,2014-04-03 13:29:49,16,17
DeRotterda.West.LW.LW02,8,2014-04-03 13:30:12,2014-04-03 13:30:20,17,18
DeRotterda.West.LW.LW02,8,2014-04-03 13:30:31,2014-04-03 13:30:39,18,19
DeRotterda.West.LW.LW02,3,2014-04-03 13:30:50,2014-04-03 13:30:56,19,20
DeRotterda.West.LW.LW02,3,2014-04-03 13:38:43,2014-04-03 13:38:50,20,19
DeRotterda.West.LW.LW02,17,2014-04-03 13:39:01,2014-04-03 13:39:30,19,0
DeRotterda.West.LW.LW02,1,2014-04-03 13:39:42,2014-04-03 13:40:12,0,21
DeRotterda.West.LW.LW02,6,2014-04-03 13:40:20,2014-04-03 13:40:51,21,0
DeRotterda.West.LW.LW02,3,2014-04-03 13:41:59,2014-04-03 13:42:07,0,1
DeRotterda.West.LW.LW02,0,2014-04-03 13:46:42,2014-04-03 13:47:42,1,0
DeRotterda.West.LW.LW02,3,2014-04-03 13:47:50,2014-04-03 13:48:10,0,10
DeRotterda.West.LW.LW02,1,2014-04-03 13:48:18,2014-04-03 13:48:38,10,0
DeRotterda.West.LW.LW02,0,2014-04-03 13:48:48,2014-04-03 13:49:33,0,35
DeRotterda.West.LW.LW02,4,2014-04-03 13:49:44,2014-04-03 13:50:28,35,0
DeRotterda.West.LW.LW02,0,2014-04-03 13:50:39,2014-04-03 13:51:33,0,44
DeRotterda.West.LW.LW02,4,2014-04-03 13:59:18,2014-04-03 13:59:50,44,20
DeRotterda.West.LW.LW02,8,2014-04-03 14:00:16,2014-04-03 14:00:23,20,21
DeRotterda.West.LW.LW02,8,2014-04-03 14:00:44,2014-04-03 14:00:51,21,22
DeRotterda.West.LW.LW02,3,2014-04-03 14:01:06,2014-04-03 14:05:55,22,22
DeRotterda.West.LW.LW02,8,2014-04-03 14:06:06,2014-04-03 14:06:13,22,23
DeRotterda.West.LW.LW02,8,2014-04-03 14:06:30,2014-04-03 14:06:41,23,19
DeRotterda.West.LW.LW02,8,2014-04-03 14:07:00,2014-04-03 14:07:14,19,25
DeRotterda.West.LW.LW02,4,2014-04-03 14:07:26,2014-04-03 14:07:51,25,43
DeRotterda.West.LW.LW02,12,2014-04-03 14:08:01,2014-04-03 14:08:08,43,42
DeRotterda.West.LW.LW02,5,2014-04-03 14:08:47,2014-04-03 14:09:27,42,9
DeRotterda.West.LW.LW02,6,2014-04-03 14:09:42,2014-04-03 14:10:01,9,0
DeRotterda.West.LW.LW02,0,2014-04-03 14:10:09,2014-04-03 14:10:27,0,9
DeRotterda.West.LW.LW02,10,2014-04-03 14:10:37,2014-04-03 14:11:05,9,30
DeRotterda.West.LW.LW02,13,2014-04-03 14:15:33,2014-04-03 14:15:59,30,11
DeRotterda.West.LW.LW02,11,2014-04-03 14:16:09,2014-04-03 14:16:30,11,0
DeRotterda.West.LW.LW02,8,2014-04-03 14:17:10,2014-04-03 14:17:38,0,18
DeRotterda.West.LW.LW02,3,2014-04-03 14:20:42,2014-04-03 14:20:56,18,25
DeRotterda.West.LW.LW02,8,2014-04-03 14:21:08,2014-04-03 14:21:43,25,0
DeRotterda.West.LW.LW02,5,2014-04-03 14:24:59,2014-04-03 14:25:11,0,4
DeRotterda.West.LW.LW02,1,2014-04-03 14:27:55,2014-04-03 14:28:03,4,2
DeRotterda.West.LW.LW02,9,2014-04-03 14:28:12,2014-04-03 14:28:22,2,0
DeRotterda.West.LW.LW02,4,2014-04-03 14:28:34,2014-04-03 14:28:46,0,4
DeRotterda.West.LW.LW02,5,2014-04-03 14:30:14,2014-04-03 14:30:26,4,0
DeRotterda.West.LW.LW02,18,2014-04-03 14:30:40,2014-04-03 14:31:00,0,11
DeRotterda.West.LW.LW02,10,2014-04-03 14:31:09,2014-04-03 14:31:47,11,42
DeRotterda.West.LW.LW02,5,2014-04-03 14:34:36,2014-04-03 14:35:00,42,25
DeRotterda.West.LW.LW02,11,2014-04-03 14:35:15,2014-04-03 14:35:49,25,0
DeRotterda.West.LW.LW02,7,2014-04-03 14:37:23,2014-04-03 14:37:33,0,2
DeRotterda.West.LW.LW02,1,2014-04-03 14:42:40,2014-04-03 14:42:47,2,3
DeRotterda.West.LW.LW02,10,2014-04-03 14:43:00,2014-04-03 14:43:27,3,21
DeRotterda.West.LW.LW02,3,2014-04-03 14:52:26,2014-04-03 14:52:57,21,0
DeRotterda.West.LW.LW02,5,2014-04-03 14:53:07,2014-04-03 14:53:18,0,4
DeRotterda.West.LW.LW02,1,2014-04-03 14:54:07,2014-04-03 14:54:17,4,1
DeRotterda.West.LW.LW02,4,2014-04-03 14:54:27,2014-04-03 14:54:35,1,0
DeRotterda.West.LW.LW02,4,2014-04-03 14:56:53,2014-04-03 14:57:20,0,17
DeRotterda.West.LW.LW02,2,2014-04-03 15:03:21,2014-04-03 15:03:33,17,11
DeRotterda.West.LW.LW02,10,2014-04-03 15:03:47,2014-04-03 15:04:08,11,0
DeRotterda.West.LW.LW02,0,2014-04-03 15:05:10,2014-04-03 15:05:54,0,35
DeRotterda.West.LW.LW02,4,2014-04-03 15:26:47,2014-04-03 15:28:09,35,25
DeRotterda.West.LW.LW02,7,2014-04-03 15:28:33,2014-04-03 15:29:08,25,0
DeRotterda.West.LW.LW02,4,2014-04-03 15:29:30,2014-04-03 15:30:04,0,25
DeRotterda.West.LW.LW02,3,2014-04-03 15:30:37,2014-04-03 15:31:08,25,3
DeRotterda.West.LW.LW02,6,2014-04-03 15:32:13,2014-04-03 15:32:20,3,2
DeRotterda.West.LW.LW02,1,2014-04-03 15:33:29,2014-04-03 15:33:39,2,0
DeRotterda.West.LW.LW02,4,2014-04-03 15:33:48,2014-04-03 15:34:06,0,9
DeRotterda.West.LW.LW02,1,2014-04-03 15:36:20,2014-04-03 15:36:29,9,11
DeRotterda.West.LW.LW02,9,2014-04-03 15:36:39,2014-04-03 15:36:59,11,0
DeRotterda.West.LW.LW02,0,2014-04-03 15:38:05,2014-04-03 15:38:14,0,1
DeRotterda.West.LW.LW02,3,2014-04-03 15:38:21,2014-04-03 15:38:29,1,0
DeRotterda.West.LW.LW02,3,2014-04-03 15:39:18,2014-04-03 15:39:53,0,21
DeRotterda.West.LW.LW02,3,2014-04-03 15:44:48,2014-04-03 15:45:01,21,22
DeRotterda.West.LW.LW02,13,2014-04-03 15:45:44,2014-04-03 15:46:13,22,2
DeRotterda.West.LW.LW02,1,2014-04-03 15:48:44,2014-04-03 15:48:54,2,0
DeRotterda.West.LW.LW02,5,2014-04-03 15:49:39,2014-04-03 15:50:14,0,25
DeRotterda.West.LW.LW02,3,2014-04-03 15:50:22,2014-04-03 15:50:57,25,0
DeRotterda.West.LW.LW02,5,2014-04-03 15:51:05,2014-04-03 15:51:25,0,11
DeRotterda.West.LW.LW02,1,2014-04-03 16:01:39,2014-04-03 16:01:53,11,18
DeRotterda.West.LW.LW02,6,2014-04-03 16:02:02,2014-04-03 16:02:30,18,0
DeRotterda.West.LW.LW02,4,2014-04-03 16:04:03,2014-04-03 16:04:30,0,18
DeRotterda.West.LW.LW02,2,2014-04-03 16:06:43,2014-04-03 16:06:57,18,11
DeRotterda.West.LW.LW02,6,2014-04-03 16:07:05,2014-04-03 16:07:14,11,9
DeRotterda.West.LW.LW02,11,2014-04-03 16:07:22,2014-04-03 16:07:41,9,0
DeRotterda.West.LW.LW02,0,2014-04-03 16:15:17,2014-04-03 16:15:51,0,25
DeRotterda.West.LW.LW02,5,2014-04-03 16:15:58,2014-04-03 16:16:30,25,2
DeRotterda.West.LW.LW02,1,2014-04-03 16:23:41,2014-04-03 16:23:51,2,0
DeRotterda.West.LW.LW02,13,2014-04-03 16:24:03,2014-04-03 16:24:23,0,11
DeRotterda.West.LW.LW02,2,2014-04-03 16:29:25,2014-04-03 16:29:34,11,9
DeRotterda.West.LW.LW02,11,2014-04-03 16:29:51,2014-04-03 16:30:19,9,30
DeRotterda.West.LW.LW02,4,2014-04-03 16:53:49,2014-04-03 16:54:01,30,25
DeRotterda.West.LW.LW02,7,2014-04-03 16:54:09,2014-04-03 16:54:44,25,0
DeRotterda.West.LW.LW02,0,2014-04-03 16:55:46,2014-04-03 16:55:56,0,2
DeRotterda.West.LW.LW02,5,2014-04-03 16:56:04,2014-04-03 16:56:30,2,19
DeRotterda.West.LW.LW02,9,2014-04-03 17:02:45,2014-04-03 17:03:14,19,0
DeRotterda.West.LW.LW02,0,2014-04-03 17:11:34,2014-04-03 17:18:39,0,0
DeRotterda.West.LW.LW02,3,2014-04-03 17:18:48,2014-04-03 17:19:13,0,16
DeRotterda.West.LW.LW02,2,2014-04-03 17:24:59,2014-04-03 17:25:06,16,15
DeRotterda.West.LW.LW02,11,2014-04-03 17:25:18,2014-04-03 17:25:43,15,0
DeRotterda.West.LW.LW02,0,2014-04-03 17:29:36,2014-04-03 17:29:56,0,11
DeRotterda.West.LW.LW02,4,2014-04-03 17:30:09,2014-04-03 17:30:25,11,3
DeRotterda.West.LW.LW02,4,2014-04-03 17:30:34,2014-04-03 17:30:41,3,2
DeRotterda.West.LW.LW02,1,2014-04-03 17:31:16,2014-04-03 17:31:36,2,11
DeRotterda.West.LW.LW02,14,2014-04-03 17:31:56,2014-04-03 17:32:16,11,0
DeRotterda.West.LW.LW02,1,2014-04-03 17:32:29,2014-04-03 17:32:47,0,9
DeRotterda.West.LW.LW02,6,2014-04-03 17:32:55,2014-04-03 17:33:14,9,0
DeRotterda.West.LW.LW02,0,2014-04-03 17:33:46,2014-04-03 17:33:57,0,2
DeRotterda.West.LW.LW02,4,2014-04-03 17:34:05,2014-04-03 17:34:23,2,11
DeRotterda.West.LW.LW02,1,2014-04-03 17:37:39,2014-04-03 17:37:48,11,9
DeRotterda.West.LW.LW02,5,2014-04-03 17:37:57,2014-04-03 17:38:15,9,0
DeRotterda.West.LW.LW02,4,2014-04-03 17:42:43,2014-04-03 17:43:03,0,10
DeRotterda.West.LW.LW02,1,2014-04-03 17:43:11,2014-04-03 17:43:23,10,16
DeRotterda.West.LW.LW02,6,2014-04-03 17:43:32,2014-04-03 17:43:54,16,2
DeRotterda.West.LW.LW02,0,2014-04-03 17:51:22,2014-04-03 17:51:32,2,0
DeRotterda.West.LW.LW02,4,2014-04-03 17:51:40,2014-04-03 17:51:58,0,8
DeRotterda.West.LW.LW02,1,2014-04-03 17:53:56,2014-04-03 17:54:08,8,11
DeRotterda.West.LW.LW02,13,2014-04-03 17:54:20,2014-04-03 17:54:40,11,0
DeRotterda.West.LW.LW02,4,2014-04-03 18:15:00,2014-04-03 18:15:20,0,11
DeRotterda.West.LW.LW02,1,2014-04-03 18:22:50,2014-04-03 18:23:11,11,0
DeRotterda.West.LW.LW02,8,2014-04-03 18:23:22,2014-04-03 18:23:44,0,12
DeRotterda.West.LW.LW02,5,2014-04-03 18:23:52,2014-04-03 18:24:01,12,14
DeRotterda.West.LW.LW02,2,2014-04-03 18:26:06,2014-04-03 18:26:30,14,0
DeRotterda.West.LW.LW02,4,2014-04-03 18:26:38,2014-04-03 18:27:31,0,43
DeRotterda.West.LW.LW02,10,2014-04-03 18:37:52,2014-04-03 18:38:45,43,0
DeRotterda.West.LW.LW02,0,2014-04-03 18:39:59,2014-04-03 18:40:09,0,2
DeRotterda.West.LW.LW02,4,2014-04-03 18:40:18,2014-04-03 18:40:46,2,22
DeRotterda.West.LW.LW02,3,2014-04-03 18:46:43,2014-04-03 18:46:52,22,24
DeRotterda.West.LW.LW02,8,2014-04-03 18:47:03,2014-04-03 18:47:37,24,0
DeRotterda.West.LW.LW02,4,2014-04-03 18:48:31,2014-04-03 18:48:52,0,11
DeRotterda.West.LW.LW02,1,2014-04-03 18:49:50,2014-04-03 18:50:10,11,0
DeRotterda.West.LW.LW02,4,2014-04-03 18:50:19,2014-04-03 18:50:49,0,21
DeRotterda.West.LW.LW02,3,2014-04-03 18:57:50,2014-04-03 18:58:22,21,0
DeRotterda.West.LW.LW02,3,2014-04-03 18:58:30,2014-04-03 18:59:18,0,39
DeRotterda.West.LW.LW02,8,2014-04-03 18:59:45,2014-04-03 19:00:34,39,0
DeRotterda.West.LW.LW02,3,2014-04-03 19:00:59,2014-04-03 19:01:24,0,15
DeRotterda.West.LW.LW02,2,2014-04-03 19:04:28,2014-04-03 19:04:52,15,0
DeRotterda.West.LW.LW02,10,2014-04-03 19:05:03,2014-04-03 19:05:30,0,18
DeRotterda.West.LW.LW02,7,2014-04-03 19:05:37,2014-04-03 19:05:51,18,25
DeRotterda.West.LW.LW02,3,2014-04-03 19:06:38,2014-04-03 19:06:51,25,18
DeRotterda.West.LW.LW02,7,2014-04-03 19:07:00,2014-04-03 19:07:28,18,0
DeRotterda.West.LW.LW02,3,2014-04-03 19:09:35,2014-04-03 19:10:20,0,35
DeRotterda.West.LW.LW02,4,2014-04-03 19:13:50,2014-04-03 19:14:35,35,0
DeRotterda.West.LW.LW02,0,2014-04-03 19:14:45,2014-04-03 19:15:35,0,40
DeRotterda.West.LW.LW02,4,2014-04-03 19:23:33,2014-04-03 19:24:09,40,35
DeRotterda.West.LW.LW02,20,2014-04-03 19:24:29,2014-04-03 19:25:14,35,0
DeRotterda.West.LW.LW02,1,2014-04-03 19:25:27,2014-04-03 19:25:37,0,2
DeRotterda.West.LW.LW02,0,2014-04-03 19:41:04,2014-04-03 19:41:14,2,0
DeRotterda.West.LW.LW02,5,2014-04-03 19:41:22,2014-04-03 19:41:30,0,1
DeRotterda.West.LW.LW02,4,2014-04-03 19:41:56,2014-04-03 19:42:19,1,15
DeRotterda.West.LW.LW02,2,2014-04-03 19:43:17,2014-04-03 19:43:26,15,12
DeRotterda.West.LW.LW02,6,2014-04-03 19:43:35,2014-04-03 19:43:55,12,1
DeRotterda.West.LW.LW02,1,2014-04-03 19:44:02,2014-04-03 19:44:10,1,0
DeRotterda.West.LW.LW02,3,2014-04-03 19:48:20,2014-04-03 19:48:44,0,14
DeRotterda.West.LW.LW02,1,2014-04-03 19:49:45,2014-04-03 19:50:08,14,0
DeRotterda.West.LW.LW02,4,2014-04-03 19:50:16,2014-04-03 19:50:34,0,8
DeRotterda.West.LW.LW02,1,2014-04-03 19:50:41,2014-04-03 19:50:56,8,2
DeRotterda.West.LW.LW02,4,2014-04-03 19:51:12,2014-04-03 19:51:43,2,25
DeRotterda.West.LW.LW02,3,2014-04-03 19:55:58,2014-04-03 19:56:12,25,18
DeRotterda.West.LW.LW02,6,2014-04-03 19:56:21,2014-04-03 19:56:48,18,0
DeRotterda.West.LW.LW02,4,2014-04-03 20:03:21,2014-04-03 20:03:39,0,8
DeRotterda.West.LW.LW02,1,2014-04-03 20:07:51,2014-04-03 20:08:27,8,9
DeRotterda.West.LW.LW02,6,2014-04-03 20:08:56,2014-04-03 20:09:15,9,0
DeRotterda.West.LW.LW02,0,2014-04-03 20:11:54,2014-04-03 20:12:04,0,2
DeRotterda.West.LW.LW02,7,2014-04-03 20:12:11,2014-04-03 20:12:40,2,23
DeRotterda.West.LW.LW02,7,2014-04-03 20:37:55,2014-04-03 20:38:27,23,0
DeRotterda.West.LW.LW02,4,2014-04-03 20:44:17,2014-04-03 20:44:39,0,12
DeRotterda.West.LW.LW02,5,2014-04-03 20:47:05,2014-04-03 20:47:26,12,0
DeRotterda.West.LW.LW02,3,2014-04-03 20:48:25,2014-04-03 20:48:47,0,12
DeRotterda.West.LW.LW02,1,2014-04-03 21:06:52,2014-04-03 21:07:29,12,42
DeRotterda.West.LW.LW02,20,2014-04-03 21:08:05,2014-04-03 21:08:54,42,2
DeRotterda.West.LW.LW02,6,2014-04-03 21:17:17,2014-04-03 21:17:42,2,18
DeRotterda.West.LW.LW02,2,2014-04-03 21:19:58,2014-04-03 21:20:06,18,20
DeRotterda.West.LW.LW02,10,2014-04-03 21:20:16,2014-04-03 21:20:45,20,0
DeRotterda.West.LW.LW02,8,2014-04-03 21:30:07,2014-04-03 21:30:24,0,8
DeRotterda.West.LW.LW02,1,2014-04-03 21:33:13,2014-04-03 21:33:27,8,15
DeRotterda.West.LW.LW02,6,2014-04-03 21:33:37,2014-04-03 21:34:01,15,0
DeRotterda.West.LW.LW02,4,2014-04-03 21:35:30,2014-04-03 21:36:02,0,22
DeRotterda.West.LW.LW02,3,2014-04-03 22:02:17,2014-04-03 22:02:26,22,24
DeRotterda.West.LW.LW02,13,2014-04-03 22:02:37,2014-04-03 22:03:10,24,0
DeRotterda.West.LW.LW02,9,2014-04-03 22:05:49,2014-04-03 22:06:34,0,35
DeRotterda.West.LW.LW02,18,2014-04-03 22:21:47,2014-04-03 22:22:32,35,0
DeRotterda.West.LW.LW02,4,2014-04-03 22:23:30,2014-04-03 22:23:49,0,9
DeRotterda.West.LW.LW02,1,2014-04-03 22:33:48,2014-04-03 22:34:03,9,2
DeRotterda.West.LW.LW02,3,2014-04-03 22:34:11,2014-04-03 22:36:31,2,13
DeRotterda.West.LW.LW02,5,2014-04-03 22:36:43,2014-04-03 22:37:05,13,0
DeRotterda.West.LW.LW02,0,2014-04-03 22:51:21,2014-04-03 22:51:37,0,7
DeRotterda.West.LW.LW02,4,2014-04-03 22:51:46,2014-04-03 22:52:03,7,0
DeRotterda.West.LW.LW02,4,2014-04-03 23:02:05,2014-04-03 23:02:29,0,14
DeRotterda.West.LW.LW02,2,2014-04-03 23:02:37,2014-04-03 23:02:59,14,1
DeRotterda.West.LW.LW02,3,2014-04-03 23:03:20,2014-04-03 23:03:42,1,14
DeRotterda.West.LW.LW02,1,2014-04-03 23:14:32,2014-04-03 23:14:52,14,2
DeRotterda.West.LW.LW02,4,2014-04-03 23:15:01,2014-04-03 23:15:21,2,13
DeRotterda.West.LW.LW02,2,2014-04-03 23:40:29,2014-04-03 23:40:52,13,0
DeRotterda.West.LW.LW02,6,2014-04-03 23:41:02,2014-04-03 23:41:23,0,12
DeRotterda.West.LW.LW02,1,2014-04-03 23:44:02,2014-04-03 23:44:24,12,0
DeRotterda.West.LW.LW02,8,2014-04-03 23:44:34,2014-04-03 23:45:26,0,43
DeRotterda.West.LW.LW02,5,2014-04-02 23:02:28,2014-04-02 23:01:35,43,42
DeRotterda.West.LW.LW03,5,2014-04-03 01:25:02,2014-04-03 01:25:41,0,24
DeRotterda.West.LW.LW03,3,2014-04-03 03:20:28,2014-04-03 03:21:07,24,0
DeRotterda.West.LW.LW03,4,2014-04-03 03:21:15,2014-04-03 07:24:16,0,24
DeRotterda.West.LW.LW03,9,2014-04-03 07:24:35,2014-04-03 07:24:43,24,25
DeRotterda.West.LW.LW03,3,2014-04-03 07:27:08,2014-04-03 07:27:19,25,22
DeRotterda.West.LW.LW03,5,2014-04-03 07:27:28,2014-04-03 07:28:05,22,0
DeRotterda.West.LW.LW03,2,2014-04-03 07:29:49,2014-04-03 07:36:19,0,0
DeRotterda.West.LW.LW03,4,2014-04-03 07:36:28,2014-04-03 07:37:00,0,17
DeRotterda.West.LW.LW03,2,2014-04-03 07:42:40,2014-04-03 07:42:54,17,13
DeRotterda.West.LW.LW03,5,2014-04-03 07:43:03,2014-04-03 07:43:28,13,1
DeRotterda.West.LW.LW03,2,2014-04-03 07:48:50,2014-04-03 07:48:59,1,2
DeRotterda.West.LW.LW03,4,2014-04-03 07:49:07,2014-04-03 07:49:19,2,0
DeRotterda.West.LW.LW03,15,2014-04-03 07:59:47,2014-04-03 08:00:15,0,14
DeRotterda.West.LW.LW03,6,2014-04-03 08:03:08,2014-04-03 08:03:37,14,0
DeRotterda.West.LW.LW03,5,2014-04-03 08:06:26,2014-04-03 08:06:55,0,14
DeRotterda.West.LW.LW03,3,2014-04-03 08:07:02,2014-04-03 08:07:29,14,0
DeRotterda.West.LW.LW03,10,2014-04-03 08:07:43,2014-04-03 08:08:23,0,25
DeRotterda.West.LW.LW03,9,2014-04-03 08:08:32,2014-04-03 08:08:49,25,30
DeRotterda.West.LW.LW03,6,2014-04-03 08:09:01,2014-04-03 08:09:34,30,9
DeRotterda.West.LW.LW03,3,2014-04-03 08:09:57,2014-04-03 08:10:15,9,17
DeRotterda.West.LW.LW03,5,2014-04-03 08:10:24,2014-04-03 08:10:55,17,0
DeRotterda.West.LW.LW03,3,2014-04-03 08:12:45,2014-04-03 08:13:45,0,43
DeRotterda.West.LW.LW03,5,2014-04-03 08:14:59,2014-04-03 08:16:00,43,0
DeRotterda.West.LW.LW03,2,2014-04-03 08:16:17,2014-04-03 08:16:27,0,1
DeRotterda.West.LW.LW03,8,2014-04-03 08:16:39,2014-04-03 08:16:49,1,0
DeRotterda.West.LW.LW03,4,2014-04-03 08:43:16,2014-04-03 08:43:56,0,25
DeRotterda.West.LW.LW03,3,2014-04-03 08:46:05,2014-04-03 08:46:21,25,18
DeRotterda.West.LW.LW03,6,2014-04-03 08:46:29,2014-04-03 08:47:02,18,0
DeRotterda.West.LW.LW03,2,2014-04-03 08:59:01,2014-04-03 08:59:41,0,25
DeRotterda.West.LW.LW03,12,2014-04-03 09:00:05,2014-04-03 09:00:13,25,24
DeRotterda.West.LW.LW03,8,2014-04-03 09:00:24,2014-04-03 09:00:44,24,14
DeRotterda.West.LW.LW03,10,2014-04-03 09:00:53,2014-04-03 09:01:18,14,1
DeRotterda.West.LW.LW03,7,2014-04-03 09:01:28,2014-04-03 09:01:38,1,0
DeRotterda.West.LW.LW03,9,2014-04-03 09:02:38,2014-04-03 09:03:00,0,9
DeRotterda.West.LW.LW03,10,2014-04-03 09:03:49,2014-04-03 09:04:18,9,26
DeRotterda.West.LW.LW03,5,2014-04-03 09:04:44,2014-04-03 09:05:12,26,9
DeRotterda.West.LW.LW03,5,2014-04-03 09:06:09,2014-04-03 09:06:32,9,0
DeRotterda.West.LW.LW03,2,2014-04-03 09:10:45,2014-04-03 09:11:20,0,20
DeRotterda.West.LW.LW03,4,2014-04-03 09:11:27,2014-04-03 09:12:02,20,0
DeRotterda.West.LW.LW03,1,2014-04-03 09:16:23,2014-04-03 09:16:50,0,13
DeRotterda.West.LW.LW03,4,2014-04-03 09:16:59,2014-04-03 09:17:51,13,13
DeRotterda.West.LW.LW03,4,2014-04-03 09:18:37,2014-04-03 09:19:00,13,2
DeRotterda.West.LW.LW03,2,2014-04-03 09:27:20,2014-04-03 09:27:32,2,0
DeRotterda.West.LW.LW03,5,2014-04-03 09:27:50,2014-04-03 09:28:10,0,7
DeRotterda.West.LW.LW03,2,2014-04-03 09:28:36,2014-04-03 09:29:35,7,0
DeRotterda.West.LW.LW03,1,2014-04-03 09:29:49,2014-04-03 09:30:10,0,7
DeRotterda.West.LW.LW03,4,2014-04-03 09:30:17,2014-04-03 09:30:46,7,25
DeRotterda.West.LW.LW03,2,2014-04-03 09:30:54,2014-04-03 09:31:25,25,44
DeRotterda.West.LW.LW03,6,2014-04-03 09:34:10,2014-04-03 09:35:06,44,3
DeRotterda.West.LW.LW03,2,2014-04-03 09:35:15,2014-04-03 09:35:28,3,0
DeRotterda.West.LW.LW03,1,2014-04-03 09:35:50,2014-04-03 09:36:23,0,19
DeRotterda.West.LW.LW03,4,2014-04-03 09:36:33,2014-04-03 09:36:41,19,18
DeRotterda.West.LW.LW03,4,2014-04-03 09:37:30,2014-04-03 09:37:38,18,17
DeRotterda.West.LW.LW03,4,2014-04-03 09:38:16,2014-04-03 09:38:24,17,16
DeRotterda.West.LW.LW03,2,2014-04-03 09:39:26,2014-04-03 09:39:49,16,25
DeRotterda.West.LW.LW03,5,2014-04-03 09:39:58,2014-04-03 09:40:39,25,0
DeRotterda.West.LW.LW03,1,2014-04-03 09:44:07,2014-04-03 09:45:08,0,44
DeRotterda.West.LW.LW03,3,2014-04-03 09:45:18,2014-04-03 09:46:10,44,17
DeRotterda.West.LW.LW03,2,2014-04-03 09:46:21,2014-04-03 09:46:33,17,14
DeRotterda.West.LW.LW03,4,2014-04-03 09:46:41,2014-04-03 09:46:49,14,13
DeRotterda.West.LW.LW03,2,2014-04-03 09:46:57,2014-04-03 09:47:19,13,3
DeRotterda.West.LW.LW03,8,2014-04-03 09:47:41,2014-04-03 09:48:39,3,44
DeRotterda.West.LW.LW03,8,2014-04-03 09:56:28,2014-04-03 09:57:25,44,3
DeRotterda.West.LW.LW03,2,2014-04-03 10:12:26,2014-04-03 10:12:50,3,15
DeRotterda.West.LW.LW03,5,2014-04-03 10:12:58,2014-04-03 10:13:27,15,0
DeRotterda.West.LW.LW03,4,2014-04-03 10:15:28,2014-04-03 10:15:52,0,9
DeRotterda.West.LW.LW03,2,2014-04-03 10:18:12,2014-04-03 10:18:27,9,7
DeRotterda.West.LW.LW03,5,2014-04-03 10:19:03,2014-04-03 10:19:15,7,9
DeRotterda.West.LW.LW03,2,2014-04-03 10:21:45,2014-04-03 10:22:07,9,0
DeRotterda.West.LW.LW03,14,2014-04-03 10:23:29,2014-04-03 10:23:51,0,9
DeRotterda.West.LW.LW03,3,2014-04-03 10:24:03,2014-04-03 10:24:24,9,20
DeRotterda.West.LW.LW03,4,2014-04-03 10:24:32,2014-04-03 10:25:07,20,0
DeRotterda.West.LW.LW03,2,2014-04-03 10:28:30,2014-04-03 10:28:43,0,2
DeRotterda.West.LW.LW03,5,2014-04-03 10:28:52,2014-04-03 10:29:25,2,22
DeRotterda.West.LW.LW03,3,2014-04-03 10:35:22,2014-04-03 10:35:37,22,17
DeRotterda.West.LW.LW03,5,2014-04-03 10:35:47,2014-04-03 10:36:19,17,0
DeRotterda.West.LW.LW03,8,2014-04-03 10:37:49,2014-04-03 10:38:09,0,7
DeRotterda.West.LW.LW03,2,2014-04-03 10:38:18,2014-04-03 10:38:35,7,2
DeRotterda.West.LW.LW03,3,2014-04-03 10:38:44,2014-04-03 10:39:14,2,19
DeRotterda.West.LW.LW03,2,2014-04-03 10:39:46,2014-04-03 10:40:10,19,9
DeRotterda.West.LW.LW03,15,2014-04-03 10:40:33,2014-04-03 10:40:50,9,4
DeRotterda.West.LW.LW03,2,2014-04-03 10:41:04,2014-04-03 10:41:14,4,2
DeRotterda.West.LW.LW03,4,2014-04-03 10:41:21,2014-04-03 10:41:51,2,19
DeRotterda.West.LW.LW03,3,2014-04-03 10:57:48,2014-04-03 10:58:09,19,30
DeRotterda.West.LW.LW03,6,2014-04-03 10:58:24,2014-04-03 10:58:59,30,7
DeRotterda.West.LW.LW03,2,2014-04-03 11:02:06,2014-04-03 11:02:26,7,0
DeRotterda.West.LW.LW03,10,2014-04-03 11:02:38,2014-04-03 11:02:51,0,3
DeRotterda.West.LW.LW03,8,2014-04-03 11:02:59,2014-04-03 11:03:56,3,44
DeRotterda.West.LW.LW03,10,2014-04-03 11:04:36,2014-04-03 11:05:25,44,8
DeRotterda.West.LW.LW03,3,2014-04-03 11:05:38,2014-04-03 11:05:46,8,7
DeRotterda.West.LW.LW03,8,2014-04-03 11:06:38,2014-04-03 11:16:57,7,7
DeRotterda.West.LW.LW03,5,2014-04-03 11:17:13,2014-04-03 11:18:04,7,44
DeRotterda.West.LW.LW03,7,2014-04-03 11:18:43,2014-04-03 11:19:46,44,0
DeRotterda.West.LW.LW03,2,2014-04-03 11:22:41,2014-04-03 11:23:01,0,7
DeRotterda.West.LW.LW03,6,2014-04-03 11:24:26,2014-04-03 11:24:46,7,0
DeRotterda.West.LW.LW03,4,2014-04-03 11:27:02,2014-04-03 11:28:03,0,44
DeRotterda.West.LW.LW03,6,2014-04-03 11:32:03,2014-04-03 11:33:06,44,0
DeRotterda.West.LW.LW03,5,2014-04-03 11:33:33,2014-04-03 11:33:53,0,7
DeRotterda.West.LW.LW03,2,2014-04-03 11:34:37,2014-04-03 11:35:12,7,30
DeRotterda.West.LW.LW03,6,2014-04-03 11:36:52,2014-04-03 11:37:37,30,0
DeRotterda.West.LW.LW03,4,2014-04-03 11:44:51,2014-04-03 11:45:16,0,11
DeRotterda.West.LW.LW03,2,2014-04-03 11:48:24,2014-04-03 11:48:45,11,2
DeRotterda.West.LW.LW03,5,2014-04-03 11:48:53,2014-04-03 11:49:06,2,0
DeRotterda.West.LW.LW03,4,2014-04-03 11:51:05,2014-04-03 11:51:45,0,25
DeRotterda.West.LW.LW03,5,2014-04-03 11:51:50,2014-04-03 11:52:17,25,9
DeRotterda.West.LW.LW03,2,2014-04-03 11:53:41,2014-04-03 11:54:14,9,30
DeRotterda.West.LW.LW03,8,2014-04-03 11:55:00,2014-04-03 11:55:36,30,7
DeRotterda.West.LW.LW03,9,2014-04-03 11:56:16,2014-04-03 11:56:36,7,0
DeRotterda.West.LW.LW03,5,2014-04-03 11:56:47,2014-04-03 11:57:22,0,20
DeRotterda.West.LW.LW03,3,2014-04-03 12:07:49,2014-04-03 12:07:59,20,18
DeRotterda.West.LW.LW03,5,2014-04-03 12:08:08,2014-04-03 12:08:37,18,2
DeRotterda.West.LW.LW03,2,2014-04-03 12:09:21,2014-04-03 12:09:33,2,0
DeRotterda.West.LW.LW03,6,2014-04-03 12:09:45,2014-04-03 12:10:44,0,42
DeRotterda.West.LW.LW03,4,2014-04-03 12:21:22,2014-04-03 12:22:48,42,30
DeRotterda.West.LW.LW03,7,2014-04-03 12:23:36,2014-04-03 12:24:22,30,0
DeRotterda.West.LW.LW03,2,2014-04-03 12:33:56,2014-04-03 12:39:37,0,18
DeRotterda.West.LW.LW03,7,2014-04-03 12:39:47,2014-04-03 12:40:19,18,0
DeRotterda.West.LW.LW03,4,2014-04-03 12:45:00,2014-04-03 12:45:41,0,25
DeRotterda.West.LW.LW03,3,2014-04-03 12:46:22,2014-04-03 12:46:40,25,30
DeRotterda.West.LW.LW03,10,2014-04-03 12:46:53,2014-04-03 12:47:13,30,21
DeRotterda.West.LW.LW03,17,2014-04-03 12:47:26,2014-04-03 12:47:58,21,2
DeRotterda.West.LW.LW03,10,2014-04-03 12:48:08,2014-04-03 12:48:20,2,0
DeRotterda.West.LW.LW03,2,2014-04-03 12:54:39,2014-04-03 12:54:51,0,2
DeRotterda.West.LW.LW03,7,2014-04-03 12:55:10,2014-04-03 12:55:24,2,0
DeRotterda.West.LW.LW03,5,2014-04-03 12:57:34,2014-04-03 12:57:58,0,11
DeRotterda.West.LW.LW03,2,2014-04-03 13:04:34,2014-04-03 13:04:45,11,9
DeRotterda.West.LW.LW03,5,2014-04-03 13:04:54,2014-04-03 13:05:14,9,19
DeRotterda.West.LW.LW03,5,2014-04-03 13:07:51,2014-04-03 13:08:12,19,9
DeRotterda.West.LW.LW03,5,2014-04-03 13:11:28,2014-04-03 13:11:51,9,0
DeRotterda.West.LW.LW03,6,2014-04-03 13:16:14,2014-04-03 13:17:15,0,43
DeRotterda.West.LW.LW03,5,2014-04-03 13:32:09,2014-04-03 13:33:10,43,0
DeRotterda.West.LW.LW03,3,2014-04-03 13:34:35,2014-04-03 13:35:35,0,43
DeRotterda.West.LW.LW03,4,2014-04-03 13:50:51,2014-04-03 13:51:27,43,19
DeRotterda.West.LW.LW03,7,2014-04-03 13:51:36,2014-04-03 13:52:09,19,0
DeRotterda.West.LW.LW03,26,2014-04-03 14:04:41,2014-04-03 14:05:05,0,11
DeRotterda.West.LW.LW03,3,2014-04-03 14:20:48,2014-04-03 14:21:32,11,42
DeRotterda.West.LW.LW03,8,2014-04-03 14:21:40,2014-04-03 14:22:02,42,30
DeRotterda.West.LW.LW03,15,2014-04-03 14:22:12,2014-04-03 14:22:45,30,9
DeRotterda.West.LW.LW03,11,2014-04-03 14:22:54,2014-04-03 14:23:17,9,0
DeRotterda.West.LW.LW03,5,2014-04-03 14:23:37,2014-04-03 14:24:18,0,25
DeRotterda.West.LW.LW03,6,2014-04-03 14:26:09,2014-04-03 14:26:37,25,9
DeRotterda.West.LW.LW03,3,2014-04-03 14:28:15,2014-04-03 14:28:37,9,20
DeRotterda.West.LW.LW03,6,2014-04-03 14:28:44,2014-04-03 14:29:18,20,0
DeRotterda.West.LW.LW03,18,2014-04-03 14:30:04,2014-04-03 14:30:28,0,11
DeRotterda.West.LW.LW03,6,2014-04-03 14:30:49,2014-04-03 14:31:08,11,20
DeRotterda.West.LW.LW03,6,2014-04-03 14:31:57,2014-04-03 14:32:32,20,0
DeRotterda.West.LW.LW03,2,2014-04-03 14:33:28,2014-04-03 14:33:52,0,11
DeRotterda.West.LW.LW03,12,2014-04-03 14:34:26,2014-04-03 14:34:51,11,0
DeRotterda.West.LW.LW03,12,2014-04-03 14:41:39,2014-04-03 14:42:03,0,11
DeRotterda.West.LW.LW03,3,2014-04-03 14:46:25,2014-04-03 14:46:49,11,0
DeRotterda.West.LW.LW03,11,2014-04-03 14:47:14,2014-04-03 14:47:38,0,11
DeRotterda.West.LW.LW03,9,2014-04-03 14:48:46,2014-04-03 14:49:17,11,30
DeRotterda.West.LW.LW03,3,2014-04-03 14:52:28,2014-04-03 14:52:59,30,11
DeRotterda.West.LW.LW03,12,2014-04-03 14:53:52,2014-04-03 14:54:17,11,0
DeRotterda.West.LW.LW03,7,2014-04-03 14:57:26,2014-04-03 14:57:36,0,1
DeRotterda.West.LW.LW03,2,2014-04-03 14:57:46,2014-04-03 14:57:55,1,0
DeRotterda.West.LW.LW03,12,2014-04-03 14:58:23,2014-04-03 14:58:48,0,11
DeRotterda.West.LW.LW03,3,2014-04-03 14:59:23,2014-04-03 14:59:46,11,1
DeRotterda.West.LW.LW03,5,2014-04-03 14:59:55,2014-04-03 15:00:05,1,0
DeRotterda.West.LW.LW03,8,2014-04-03 15:01:21,2014-04-03 15:01:30,0,1
DeRotterda.West.LW.LW03,5,2014-04-03 15:01:38,2014-04-03 15:02:11,1,20
DeRotterda.West.LW.LW03,5,2014-04-03 15:02:40,2014-04-03 15:03:14,20,0
DeRotterda.West.LW.LW03,2,2014-04-03 15:03:30,2014-04-03 15:04:30,0,42
DeRotterda.West.LW.LW03,8,2014-04-03 15:04:38,2014-04-03 15:05:38,42,0
DeRotterda.West.LW.LW03,4,2014-04-03 15:05:51,2014-04-03 15:06:31,0,25
DeRotterda.West.LW.LW03,3,2014-04-03 15:07:04,2014-04-03 15:07:39,25,4
DeRotterda.West.LW.LW03,6,2014-04-03 15:08:40,2014-04-03 15:08:48,4,3
DeRotterda.West.LW.LW03,2,2014-04-03 15:09:27,2014-04-03 15:09:41,3,0
DeRotterda.West.LW.LW03,12,2014-04-03 15:10:50,2014-04-03 15:11:14,0,11
DeRotterda.West.LW.LW03,3,2014-04-03 15:12:20,2014-04-03 15:12:38,11,19
DeRotterda.West.LW.LW03,8,2014-04-03 15:12:47,2014-04-03 15:13:20,19,0
DeRotterda.West.LW.LW03,6,2014-04-03 15:13:39,2014-04-03 15:14:03,0,11
DeRotterda.West.LW.LW03,5,2014-04-03 15:14:24,2014-04-03 15:14:49,11,0
DeRotterda.West.LW.LW03,5,2014-04-03 15:15:00,2014-04-03 15:15:31,0,17
DeRotterda.West.LW.LW03,3,2014-04-03 15:18:33,2014-04-03 15:18:48,17,11
DeRotterda.West.LW.LW03,11,2014-04-03 15:19:00,2014-04-03 15:19:25,11,0
DeRotterda.West.LW.LW03,5,2014-04-03 15:19:38,2014-04-03 15:20:03,0,11
DeRotterda.West.LW.LW03,3,2014-04-03 15:22:31,2014-04-03 15:22:55,11,0
DeRotterda.West.LW.LW03,13,2014-04-03 15:23:32,2014-04-03 15:23:57,0,11
DeRotterda.West.LW.LW03,3,2014-04-03 15:24:31,2014-04-03 15:24:55,11,0
DeRotterda.West.LW.LW03,2,2014-04-03 15:25:06,2014-04-03 15:25:30,0,11
DeRotterda.West.LW.LW03,5,2014-04-03 15:27:06,2014-04-03 15:27:31,11,0
DeRotterda.West.LW.LW03,6,2014-04-03 15:28:19,2014-04-03 15:28:43,0,11
DeRotterda.West.LW.LW03,5,2014-04-03 15:29:17,2014-04-03 15:29:41,11,0
DeRotterda.West.LW.LW03,6,2014-04-03 15:30:39,2014-04-03 15:30:51,0,2
DeRotterda.West.LW.LW03,11,2014-04-03 15:31:00,2014-04-03 15:31:21,2,11
DeRotterda.West.LW.LW03,7,2014-04-03 15:31:48,2014-04-03 15:32:13,11,25
DeRotterda.West.LW.LW03,3,2014-04-03 15:32:21,2014-04-03 15:33:01,25,0
DeRotterda.West.LW.LW03,6,2014-04-03 15:33:11,2014-04-03 15:33:47,0,11
DeRotterda.West.LW.LW03,10,2014-04-03 15:33:58,2014-04-03 15:34:22,11,0
DeRotterda.West.LW.LW03,12,2014-04-03 15:35:08,2014-04-03 15:35:48,0,25
DeRotterda.West.LW.LW03,3,2014-04-03 15:36:23,2014-04-03 15:36:37,25,20
DeRotterda.West.LW.LW03,7,2014-04-03 15:36:47,2014-04-03 15:37:15,20,4
DeRotterda.West.LW.LW03,2,2014-04-03 15:45:12,2014-04-03 15:45:32,4,0
DeRotterda.West.LW.LW03,12,2014-04-03 15:46:04,2014-04-03 15:46:28,0,11
DeRotterda.West.LW.LW03,3,2014-04-03 15:47:11,2014-04-03 15:47:35,11,0
DeRotterda.West.LW.LW03,6,2014-04-03 15:48:38,2014-04-03 15:49:02,0,11
DeRotterda.West.LW.LW03,3,2014-04-03 15:55:57,2014-04-03 15:56:15,11,19
DeRotterda.West.LW.LW03,6,2014-04-03 15:56:23,2014-04-03 15:56:57,19,0
DeRotterda.West.LW.LW03,2,2014-04-03 16:04:16,2014-04-03 16:04:43,0,11
DeRotterda.West.LW.LW03,12,2014-04-03 16:05:29,2014-04-03 16:05:54,11,0
DeRotterda.West.LW.LW03,7,2014-04-03 16:16:52,2014-04-03 16:17:07,0,2
DeRotterda.West.LW.LW03,2,2014-04-03 16:26:39,2014-04-03 16:26:48,2,1
DeRotterda.West.LW.LW03,5,2014-04-03 16:26:56,2014-04-03 16:27:14,1,7
DeRotterda.West.LW.LW03,2,2014-04-03 16:27:30,2014-04-03 16:27:51,7,0
DeRotterda.West.LW.LW03,7,2014-04-03 16:28:00,2014-04-03 16:28:38,0,23
DeRotterda.West.LW.LW03,6,2014-04-03 16:30:55,2014-04-03 16:31:20,23,9
DeRotterda.West.LW.LW03,2,2014-04-03 16:33:09,2014-04-03 16:33:27,9,2
DeRotterda.West.LW.LW03,6,2014-04-03 16:33:35,2014-04-03 16:34:03,2,17
DeRotterda.West.LW.LW03,3,2014-04-03 16:34:26,2014-04-03 16:34:45,17,9
DeRotterda.West.LW.LW03,5,2014-04-03 16:34:52,2014-04-03 16:35:17,9,23
DeRotterda.West.LW.LW03,6,2014-04-03 16:36:16,2014-04-03 16:36:54,23,0
DeRotterda.West.LW.LW03,2,2014-04-03 16:40:59,2014-04-03 16:41:08,0,1
DeRotterda.West.LW.LW03,5,2014-04-03 16:41:17,2014-04-03 16:42:15,1,42
DeRotterda.West.LW.LW03,4,2014-04-03 17:44:58,2014-04-03 17:45:27,42,24
DeRotterda.West.LW.LW03,5,2014-04-03 17:45:38,2014-04-03 17:46:17,24,0
DeRotterda.West.LW.LW03,6,2014-04-03 17:49:48,2014-04-03 17:49:57,0,1
DeRotterda.West.LW.LW03,5,2014-04-03 17:50:56,2014-04-03 17:51:25,1,17
DeRotterda.West.LW.LW03,5,2014-04-03 18:13:32,2014-04-03 18:14:00,17,2
DeRotterda.West.LW.LW03,2,2014-04-03 18:19:50,2014-04-03 18:19:59,2,1
DeRotterda.West.LW.LW03,8,2014-04-03 18:20:09,2014-04-03 18:20:19,1,0
DeRotterda.West.LW.LW03,8,2014-04-03 18:22:30,2014-04-03 18:23:06,0,21
DeRotterda.West.LW.LW03,3,2014-04-03 18:41:17,2014-04-03 18:43:36,21,14
DeRotterda.West.LW.LW03,5,2014-04-03 18:43:45,2014-04-03 18:44:14,14,0
DeRotterda.West.LW.LW03,6,2014-04-03 18:46:29,2014-04-03 18:46:58,0,15
DeRotterda.West.LW.LW03,3,2014-04-03 18:52:37,2014-04-03 18:52:50,15,11
DeRotterda.West.LW.LW03,7,2014-04-03 18:53:28,2014-04-03 18:53:52,11,0
DeRotterda.West.LW.LW03,5,2014-04-03 18:54:04,2014-04-03 18:54:33,0,15
DeRotterda.West.LW.LW03,3,2014-04-03 18:55:13,2014-04-03 18:55:42,15,0
DeRotterda.West.LW.LW03,8,2014-04-03 18:55:56,2014-04-03 18:56:35,0,24
DeRotterda.West.LW.LW03,3,2014-04-03 18:58:04,2014-04-03 19:16:40,24,0
DeRotterda.West.LW.LW03,11,2014-04-03 19:17:00,2014-04-03 19:17:32,0,18
DeRotterda.West.LW.LW03,3,2014-04-03 19:18:03,2014-04-03 19:18:35,18,0
DeRotterda.West.LW.LW03,7,2014-04-03 19:18:44,2014-04-03 19:18:56,0,2
DeRotterda.West.LW.LW03,2,2014-04-03 19:19:06,2014-04-03 19:19:15,2,1
DeRotterda.West.LW.LW03,8,2014-04-03 19:19:24,2014-04-03 19:19:42,1,7
DeRotterda.West.LW.LW03,2,2014-04-03 19:20:00,2014-04-03 19:20:18,7,1
DeRotterda.West.LW.LW03,7,2014-04-03 19:20:27,2014-04-03 19:20:51,1,13
DeRotterda.West.LW.LW03,3,2014-04-03 19:21:01,2014-04-03 19:21:16,13,18
DeRotterda.West.LW.LW03,6,2014-04-03 19:21:26,2014-04-03 19:21:58,18,0
DeRotterda.West.LW.LW03,5,2014-04-03 19:22:13,2014-04-03 19:22:25,0,2
DeRotterda.West.LW.LW03,2,2014-04-03 19:23:38,2014-04-03 19:23:50,2,0
DeRotterda.West.LW.LW03,7,2014-04-03 19:24:01,2014-04-03 19:24:29,0,14
DeRotterda.West.LW.LW03,6,2014-04-03 19:24:37,2014-04-03 19:24:52,14,20
DeRotterda.West.LW.LW03,3,2014-04-03 19:25:03,2014-04-03 19:25:34,20,2
DeRotterda.West.LW.LW03,5,2014-04-03 19:25:45,2014-04-03 19:25:54,2,4
DeRotterda.West.LW.LW03,5,2014-04-03 19:26:59,2014-04-03 19:27:08,4,3
DeRotterda.West.LW.LW03,5,2014-04-03 19:28:12,2014-04-03 19:28:26,3,0
DeRotterda.West.LW.LW03,7,2014-04-03 19:40:53,2014-04-03 19:41:26,0,18
DeRotterda.West.LW.LW03,14,2014-04-03 19:41:39,2014-04-03 19:42:07,18,35
DeRotterda.West.LW.LW03,12,2014-04-03 19:50:02,2014-04-03 19:50:30,35,18
DeRotterda.West.LW.LW03,8,2014-04-03 19:50:39,2014-04-03 19:51:12,18,0
DeRotterda.West.LW.LW03,7,2014-04-03 19:55:38,2014-04-03 19:56:06,0,14
DeRotterda.West.LW.LW03,3,2014-04-03 20:07:11,2014-04-03 20:07:23,14,17
DeRotterda.West.LW.LW03,5,2014-04-03 20:07:31,2014-04-03 20:08:03,17,0
DeRotterda.West.LW.LW03,4,2014-04-03 20:08:58,2014-04-03 20:09:29,0,17
DeRotterda.West.LW.LW03,3,2014-04-03 20:12:06,2014-04-03 20:12:17,17,19
DeRotterda.West.LW.LW03,7,2014-04-03 20:12:28,2014-04-03 20:13:01,19,0
DeRotterda.West.LW.LW03,6,2014-04-03 20:14:05,2014-04-03 20:14:17,0,2
DeRotterda.West.LW.LW03,2,2014-04-03 20:22:31,2014-04-03 20:22:43,2,0
DeRotterda.West.LW.LW03,4,2014-04-03 20:22:50,2014-04-03 20:23:19,0,15
DeRotterda.West.LW.LW03,2,2014-04-03 20:27:08,2014-04-03 20:27:25,15,8
DeRotterda.West.LW.LW03,7,2014-04-03 20:27:37,2014-04-03 20:27:58,8,0
DeRotterda.West.LW.LW03,5,2014-04-03 20:29:01,2014-04-03 20:29:41,0,25
DeRotterda.West.LW.LW03,6,2014-04-03 20:32:03,2014-04-03 20:32:45,25,0
DeRotterda.West.LW.LW03,4,2014-04-03 20:54:00,2014-04-03 20:54:21,0,8
DeRotterda.West.LW.LW03,2,2014-04-03 20:59:24,2014-04-03 21:14:23,8,15
DeRotterda.West.LW.LW03,5,2014-04-03 21:14:30,2014-04-03 21:14:54,15,4
DeRotterda.West.LW.LW03,4,2014-04-03 21:18:26,2014-04-03 21:18:50,4,15
DeRotterda.West.LW.LW03,2,2014-04-03 21:28:43,2014-04-03 21:29:00,15,22
DeRotterda.West.LW.LW03,5,2014-04-03 21:29:08,2014-04-03 21:29:41,22,2
DeRotterda.West.LW.LW03,2,2014-04-03 21:41:17,2014-04-03 21:41:32,2,0
DeRotterda.West.LW.LW03,3,2014-04-03 21:41:42,2014-04-03 21:42:06,0,11
DeRotterda.West.LW.LW03,2,2014-04-03 21:42:34,2014-04-03 21:42:58,11,0
DeRotterda.West.LW.LW03,8,2014-04-03 21:43:09,2014-04-03 21:43:41,0,18
DeRotterda.West.LW.LW03,5,2014-04-03 21:43:50,2014-04-03 21:44:00,18,20
DeRotterda.West.LW.LW03,6,2014-04-03 21:58:48,2014-04-03 21:59:23,20,0
DeRotterda.West.LW.LW03,2,2014-04-03 22:01:33,2014-04-03 22:01:45,0,2
DeRotterda.West.LW.LW03,4,2014-04-03 22:01:56,2014-04-03 22:02:16,2,11
DeRotterda.West.LW.LW03,2,2014-04-03 22:18:44,2014-04-03 22:19:09,11,0
DeRotterda.West.LW.LW03,5,2014-04-03 22:19:19,2014-04-03 22:19:57,0,23
DeRotterda.West.LW.LW03,3,2014-04-03 22:20:08,2014-04-02 23:26:25,23,15
DeRotterda.West.LW.LW01,13,2014-04-03 07:19:44,2014-04-03 07:19:56,29,25
DeRotterda.West.LW.LW01,18,2014-04-03 07:20:09,2014-04-03 07:20:16,25,24
DeRotterda.West.LW.LW01,8,2014-04-03 07:20:24,2014-04-03 07:20:59,24,0
DeRotterda.West.LW.LW01,1,2014-04-03 07:22:47,2014-04-03 07:23:12,0,15
DeRotterda.West.LW.LW01,5,2014-04-03 07:23:19,2014-04-03 07:23:42,15,2
DeRotterda.West.LW.LW01,0,2014-04-03 07:24:08,2014-04-03 07:29:42,2,23
DeRotterda.West.LW.LW01,6,2014-04-03 07:29:50,2014-04-03 07:30:25,23,0
DeRotterda.West.LW.LW01,0,2014-04-03 07:34:12,2014-04-03 07:34:39,0,17
DeRotterda.West.LW.LW01,6,2014-04-03 07:34:47,2014-04-03 07:35:15,17,0
DeRotterda.West.LW.LW01,0,2014-04-03 07:35:23,2014-04-03 07:35:52,0,18
DeRotterda.West.LW.LW01,8,2014-04-03 07:36:00,2014-04-03 07:36:29,18,0
DeRotterda.West.LW.LW01,12,2014-04-03 07:38:04,2014-04-03 07:38:45,0,30
DeRotterda.West.LW.LW01,1,2014-04-03 07:38:55,2014-04-03 07:39:16,30,43
DeRotterda.West.LW.LW01,11,2014-04-03 07:39:25,2014-04-03 07:40:20,43,0
DeRotterda.West.LW.LW01,4,2014-04-03 07:51:55,2014-04-03 07:52:04,0,1
DeRotterda.West.LW.LW01,0,2014-04-03 08:02:31,2014-04-03 08:02:43,1,0
DeRotterda.West.LW.LW01,0,2014-04-03 08:06:23,2014-04-03 08:06:58,0,24
DeRotterda.West.LW.LW01,7,2014-04-03 08:07:06,2014-04-03 08:07:41,24,0
DeRotterda.West.LW.LW01,0,2014-04-03 08:08:31,2014-04-03 08:08:53,0,12
DeRotterda.West.LW.LW01,4,2014-04-03 08:09:02,2014-04-03 08:09:23,12,1
DeRotterda.West.LW.LW01,0,2014-04-03 08:10:10,2014-04-03 08:10:29,1,9
DeRotterda.West.LW.LW01,4,2014-04-03 08:10:38,2014-04-03 08:11:07,9,30
DeRotterda.West.LW.LW01,6,2014-04-03 08:12:58,2014-04-03 08:13:28,30,9
DeRotterda.West.LW.LW01,1,2014-04-03 08:13:34,2014-04-03 08:13:54,9,21
DeRotterda.West.LW.LW01,8,2014-04-03 08:14:04,2014-04-03 08:14:19,21,15
DeRotterda.West.LW.LW01,12,2014-04-03 08:14:27,2014-04-03 08:14:58,15,9
DeRotterda.West.LW.LW01,16,2014-04-03 08:15:05,2014-04-03 08:15:23,9,1
DeRotterda.West.LW.LW01,9,2014-04-03 08:15:31,2014-04-03 08:15:40,1,0
DeRotterda.West.LW.LW01,0,2014-04-03 08:16:01,2014-04-03 08:16:27,0,16
DeRotterda.West.LW.LW01,5,2014-04-03 08:16:36,2014-04-03 08:17:03,16,0
DeRotterda.West.LW.LW01,0,2014-04-03 08:20:11,2014-04-03 08:20:36,0,14
DeRotterda.West.LW.LW01,8,2014-04-03 08:20:44,2014-04-03 08:21:09,14,0
DeRotterda.West.LW.LW01,0,2014-04-03 08:24:36,2014-04-03 08:24:58,0,12
DeRotterda.West.LW.LW01,4,2014-04-03 08:25:06,2014-04-03 08:25:29,12,0
DeRotterda.West.LW.LW01,0,2014-04-03 08:25:45,2014-04-03 08:26:08,0,12
DeRotterda.West.LW.LW01,5,2014-04-03 08:26:15,2014-04-03 08:26:39,12,0
DeRotterda.West.LW.LW01,0,2014-04-03 08:28:20,2014-04-03 08:28:52,0,21
DeRotterda.West.LW.LW01,5,2014-04-03 08:29:00,2014-04-03 08:29:32,21,0
DeRotterda.West.LW.LW01,4,2014-04-03 08:32:13,2014-04-03 08:33:08,0,44
DeRotterda.West.LW.LW01,6,2014-04-03 08:34:05,2014-04-03 08:34:25,44,44
DeRotterda.West.LW.LW01,2,2014-04-03 08:34:33,2014-04-03 08:34:55,44,30
DeRotterda.West.LW.LW01,13,2014-04-03 08:35:08,2014-04-03 08:35:45,30,3
DeRotterda.West.LW.LW01,12,2014-04-03 08:35:56,2014-04-03 08:36:04,3,2
DeRotterda.West.LW.LW01,13,2014-04-03 08:37:48,2014-04-03 08:38:25,2,30
DeRotterda.West.LW.LW01,1,2014-04-03 08:39:42,2014-04-03 08:40:03,30,43
DeRotterda.West.LW.LW01,6,2014-04-03 08:40:12,2014-04-03 08:40:19,43,42
DeRotterda.West.LW.LW01,6,2014-04-03 08:52:52,2014-04-03 08:52:59,42,41
DeRotterda.West.LW.LW01,6,2014-04-03 08:55:16,2014-04-03 08:55:23,41,40
DeRotterda.West.LW.LW01,2,2014-04-03 08:56:03,2014-04-03 08:56:21,40,30
DeRotterda.West.LW.LW01,16,2014-04-03 08:56:33,2014-04-03 08:57:11,30,2
DeRotterda.West.LW.LW01,1,2014-04-03 08:59:11,2014-04-03 08:59:59,2,40
DeRotterda.West.LW.LW01,6,2014-04-03 09:00:07,2014-04-03 09:00:14,40,39
DeRotterda.West.LW.LW01,6,2014-04-03 09:01:43,2014-04-03 09:01:50,39,38
DeRotterda.West.LW.LW01,6,2014-04-03 09:03:36,2014-04-03 09:03:43,38,37
DeRotterda.West.LW.LW01,6,2014-04-03 09:04:55,2014-04-03 09:05:02,37,36
DeRotterda.West.LW.LW01,2,2014-04-03 09:05:14,2014-04-03 09:05:34,36,24
DeRotterda.West.LW.LW01,8,2014-04-03 09:05:46,2014-04-03 09:06:21,24,0
DeRotterda.West.LW.LW01,1,2014-04-03 09:15:37,2014-04-03 09:15:57,0,9
DeRotterda.West.LW.LW01,5,2014-04-03 09:16:05,2014-04-03 09:16:25,9,0
DeRotterda.West.LW.LW01,0,2014-04-03 09:19:51,2014-04-03 09:20:13,0,11
DeRotterda.West.LW.LW01,4,2014-04-03 09:20:21,2014-04-03 09:20:43,11,0
DeRotterda.West.LW.LW01,6,2014-04-03 09:26:35,2014-04-03 09:27:30,0,44
DeRotterda.West.LW.LW01,2,2014-04-03 09:30:18,2014-04-03 09:30:48,44,23
DeRotterda.West.LW.LW01,5,2014-04-03 09:30:56,2014-04-03 09:31:03,23,22
DeRotterda.West.LW.LW01,1,2014-04-03 09:31:12,2014-04-03 09:31:19,22,21
DeRotterda.West.LW.LW01,5,2014-04-03 09:31:27,2014-04-03 09:31:59,21,0
DeRotterda.West.LW.LW01,0,2014-04-03 09:32:07,2014-04-03 09:33:17,0,0
DeRotterda.West.LW.LW01,5,2014-04-03 09:33:25,2014-04-03 09:34:00,0,25
DeRotterda.West.LW.LW01,6,2014-04-03 09:35:03,2014-04-03 09:35:40,25,0
DeRotterda.West.LW.LW01,5,2014-04-03 09:35:50,2014-04-03 09:36:20,0,20
DeRotterda.West.LW.LW01,1,2014-04-03 09:36:30,2014-04-03 09:36:56,20,4
DeRotterda.West.LW.LW01,12,2014-04-03 09:37:06,2014-04-03 09:37:19,4,0
DeRotterda.West.LW.LW01,0,2014-04-03 09:40:42,2014-04-03 09:41:09,0,16
DeRotterda.West.LW.LW01,4,2014-04-03 09:41:17,2014-04-03 09:41:24,16,15
DeRotterda.West.LW.LW01,1,2014-04-03 09:41:56,2014-04-03 09:42:11,15,22
DeRotterda.West.LW.LW01,6,2014-04-03 09:42:20,2014-04-03 09:42:50,22,2
DeRotterda.West.LW.LW01,0,2014-04-03 09:44:10,2014-04-03 09:44:21,2,0
DeRotterda.West.LW.LW01,0,2014-04-03 09:44:31,2014-04-03 09:44:49,0,7
DeRotterda.West.LW.LW01,4,2014-04-03 09:44:57,2014-04-03 09:45:22,7,24
DeRotterda.West.LW.LW01,1,2014-04-03 09:45:31,2014-04-03 09:51:53,24,30
DeRotterda.West.LW.LW01,8,2014-04-03 09:52:07,2014-04-03 09:52:38,30,7
DeRotterda.West.LW.LW01,1,2014-04-03 09:53:25,2014-04-03 09:53:43,7,17
DeRotterda.West.LW.LW01,4,2014-04-03 09:53:51,2014-04-03 09:54:20,17,2
DeRotterda.West.LW.LW01,0,2014-04-03 09:55:35,2014-04-03 09:55:50,2,7
DeRotterda.West.LW.LW01,6,2014-04-03 09:56:00,2014-04-03 09:56:32,7,30
DeRotterda.West.LW.LW01,1,2014-04-03 10:18:21,2014-04-03 10:18:50,30,9
DeRotterda.West.LW.LW01,5,2014-04-03 10:18:58,2014-04-03 10:19:17,9,0
DeRotterda.West.LW.LW01,22,2014-04-03 10:20:23,2014-04-03 10:20:42,0,9
DeRotterda.West.LW.LW01,1,2014-04-03 10:20:58,2014-04-03 10:21:19,9,0
DeRotterda.West.LW.LW01,35,2014-04-03 10:21:39,2014-04-03 10:21:59,0,9
DeRotterda.West.LW.LW01,1,2014-04-03 10:22:33,2014-04-03 10:22:50,9,18
DeRotterda.West.LW.LW01,5,2014-04-03 10:22:58,2014-04-03 10:23:27,18,0
DeRotterda.West.LW.LW01,0,2014-04-03 10:24:58,2014-04-03 10:25:31,0,22
DeRotterda.West.LW.LW01,7,2014-04-03 10:25:39,2014-04-03 10:26:09,22,2
DeRotterda.West.LW.LW01,6,2014-04-03 10:26:37,2014-04-03 10:26:47,2,0
DeRotterda.West.LW.LW01,14,2014-04-03 10:27:27,2014-04-03 10:27:50,0,12
DeRotterda.West.LW.LW01,13,2014-04-03 10:27:57,2014-04-03 10:28:11,12,18
DeRotterda.West.LW.LW01,11,2014-04-03 10:28:30,2014-04-03 10:28:44,18,24
DeRotterda.West.LW.LW01,1,2014-04-03 10:35:31,2014-04-03 10:35:55,24,9
DeRotterda.West.LW.LW01,7,2014-04-03 10:36:11,2014-04-03 10:36:34,9,25
DeRotterda.West.LW.LW01,6,2014-04-03 10:38:14,2014-04-03 10:38:50,25,0
DeRotterda.West.LW.LW01,0,2014-04-03 10:38:58,2014-04-03 10:39:17,0,9
DeRotterda.West.LW.LW01,39,2014-04-03 10:39:42,2014-04-03 10:39:57,9,4
DeRotterda.West.LW.LW01,1,2014-04-03 10:40:36,2014-04-03 10:40:50,4,9
DeRotterda.West.LW.LW01,20,2014-04-03 10:41:09,2014-04-03 10:41:25,9,4
DeRotterda.West.LW.LW01,1,2014-04-03 10:41:37,2014-04-03 10:41:46,4,2
DeRotterda.West.LW.LW01,1,2014-04-03 11:01:30,2014-04-03 11:01:40,2,0
DeRotterda.West.LW.LW01,9,2014-04-03 11:01:55,2014-04-03 11:02:16,0,10
DeRotterda.West.LW.LW01,10,2014-04-03 11:04:09,2014-04-03 11:04:30,10,0
DeRotterda.West.LW.LW01,0,2014-04-03 11:05:44,2014-04-03 11:06:17,0,22
DeRotterda.West.LW.LW01,7,2014-04-03 11:06:26,2014-04-03 11:06:38,22,18
DeRotterda.West.LW.LW01,12,2014-04-03 11:06:46,2014-04-03 11:07:05,18,7
DeRotterda.West.LW.LW01,12,2014-04-03 11:07:16,2014-04-03 11:07:31,7,2
DeRotterda.West.LW.LW01,5,2014-04-03 11:07:39,2014-04-03 11:07:49,2,0
DeRotterda.West.LW.LW01,15,2014-04-03 11:08:02,2014-04-03 11:08:21,0,9
DeRotterda.West.LW.LW01,1,2014-04-03 11:08:31,2014-04-03 11:08:47,9,2
DeRotterda.West.LW.LW01,6,2014-04-03 11:08:59,2014-04-03 11:09:29,2,22
DeRotterda.West.LW.LW01,1,2014-04-03 11:09:37,2014-04-03 11:10:11,22,0
DeRotterda.West.LW.LW01,20,2014-04-03 11:10:28,2014-04-03 11:10:48,0,10
DeRotterda.West.LW.LW01,9,2014-04-03 11:11:01,2014-04-03 11:11:20,10,21
DeRotterda.West.LW.LW01,1,2014-04-03 11:11:28,2014-04-03 11:11:47,21,10
DeRotterda.West.LW.LW01,13,2014-04-03 11:12:16,2014-04-03 11:12:37,10,0
DeRotterda.West.LW.LW01,1,2014-04-03 11:12:47,2014-04-03 11:13:16,0,18
DeRotterda.West.LW.LW01,6,2014-04-03 11:13:24,2014-04-03 11:13:53,18,0
DeRotterda.West.LW.LW01,10,2014-04-03 11:15:15,2014-04-03 11:15:56,0,30
DeRotterda.West.LW.LW01,7,2014-04-03 11:16:04,2014-04-03 11:16:26,30,44
DeRotterda.West.LW.LW01,3,2014-04-03 11:24:15,2014-04-03 11:24:26,44,41
DeRotterda.West.LW.LW01,17,2014-04-03 11:24:35,2014-04-03 11:25:00,41,25
DeRotterda.West.LW.LW01,2,2014-04-03 11:28:23,2014-04-03 11:28:58,25,0
DeRotterda.West.LW.LW01,5,2014-04-03 11:29:17,2014-04-03 11:29:58,0,30
DeRotterda.West.LW.LW01,2,2014-04-03 11:33:06,2014-04-03 11:33:19,30,25
DeRotterda.West.LW.LW01,6,2014-04-03 11:33:27,2014-04-03 11:34:03,25,0
DeRotterda.West.LW.LW01,0,2014-04-03 11:36:06,2014-04-03 11:36:26,0,9
DeRotterda.West.LW.LW01,8,2014-04-03 11:36:34,2014-04-03 11:36:55,9,0
DeRotterda.West.LW.LW01,0,2014-04-03 11:41:09,2014-04-03 11:41:21,0,2
DeRotterda.West.LW.LW01,7,2014-04-03 11:41:31,2014-04-03 11:41:41,2,0
DeRotterda.West.LW.LW01,5,2014-04-03 11:43:44,2014-04-03 11:44:25,0,30
DeRotterda.West.LW.LW01,1,2014-04-03 11:53:26,2014-04-03 11:53:45,30,20
DeRotterda.West.LW.LW01,6,2014-04-03 11:53:54,2014-04-03 11:54:25,20,0
DeRotterda.West.LW.LW01,6,2014-04-03 11:57:39,2014-04-03 11:57:57,0,7
DeRotterda.West.LW.LW01,1,2014-04-03 11:58:05,2014-04-03 11:58:14,7,9
DeRotterda.West.LW.LW01,5,2014-04-03 11:58:22,2014-04-03 11:58:43,9,0
DeRotterda.West.LW.LW01,1,2014-04-03 11:58:49,2014-04-03 11:59:01,0,3
DeRotterda.West.LW.LW01,11,2014-04-03 11:59:11,2014-04-03 11:59:23,3,0
DeRotterda.West.LW.LW01,0,2014-04-03 12:00:28,2014-04-03 12:00:46,0,7
DeRotterda.West.LW.LW01,6,2014-04-03 12:00:55,2014-04-03 12:01:26,7,30
DeRotterda.West.LW.LW01,11,2014-04-03 12:14:09,2014-04-03 12:14:40,30,7
DeRotterda.West.LW.LW01,6,2014-04-03 12:16:55,2014-04-03 12:17:27,7,30
DeRotterda.West.LW.LW01,2,2014-04-03 12:19:24,2014-04-03 12:20:02,30,2
DeRotterda.West.LW.LW01,10,2014-04-03 12:20:12,2014-04-03 12:20:37,2,18
DeRotterda.West.LW.LW01,1,2014-04-03 12:21:15,2014-04-03 12:21:24,18,20
DeRotterda.West.LW.LW01,6,2014-04-03 12:21:32,2014-04-03 12:22:02,20,1
DeRotterda.West.LW.LW01,0,2014-04-03 12:22:09,2014-04-03 12:25:59,1,0
DeRotterda.West.LW.LW01,16,2014-04-03 12:26:09,2014-04-03 12:26:38,0,19
DeRotterda.West.LW.LW01,1,2014-04-03 12:28:31,2014-04-03 12:28:38,19,18
DeRotterda.West.LW.LW01,8,2014-04-03 12:28:46,2014-04-03 12:29:12,18,2
DeRotterda.West.LW.LW01,1,2014-04-03 12:46:49,2014-04-03 12:47:00,2,0
DeRotterda.West.LW.LW01,8,2014-04-03 12:47:10,2014-04-03 12:48:03,0,43
DeRotterda.West.LW.LW01,3,2014-04-03 12:58:21,2014-04-03 12:58:28,43,44
DeRotterda.West.LW.LW01,12,2014-04-03 12:58:38,2014-04-03 12:59:34,44,0
DeRotterda.West.LW.LW01,14,2014-04-03 13:02:23,2014-04-03 13:02:42,0,9
DeRotterda.West.LW.LW01,11,2014-04-03 13:02:50,2014-04-03 13:03:11,9,19
DeRotterda.West.LW.LW01,1,2014-04-03 13:04:59,2014-04-03 13:08:59,19,9
DeRotterda.West.LW.LW01,5,2014-04-03 13:09:08,2014-04-03 13:09:26,9,19
DeRotterda.West.LW.LW01,6,2014-04-03 13:10:17,2014-04-03 13:10:36,19,9
DeRotterda.West.LW.LW01,1,2014-04-03 13:10:42,2014-04-03 13:11:03,9,0
DeRotterda.West.LW.LW01,0,2014-04-03 13:13:38,2014-04-03 13:13:48,0,2
DeRotterda.West.LW.LW01,6,2014-04-03 13:13:57,2014-04-03 13:14:08,2,0
DeRotterda.West.LW.LW01,0,2014-04-03 13:18:29,2014-04-03 13:18:41,0,2
DeRotterda.West.LW.LW01,5,2014-04-03 13:18:50,2014-04-03 13:19:01,2,0
DeRotterda.West.LW.LW01,0,2014-04-03 13:19:34,2014-04-03 13:19:48,0,4
DeRotterda.West.LW.LW01,5,2014-04-03 13:19:53,2014-04-03 13:20:14,4,15
DeRotterda.West.LW.LW01,6,2014-04-03 13:22:10,2014-04-03 13:22:31,15,4
DeRotterda.West.LW.LW01,5,2014-04-03 13:23:19,2014-04-03 13:23:31,4,1
DeRotterda.West.LW.LW01,0,2014-04-03 13:31:20,2014-04-03 13:31:46,1,0
DeRotterda.West.LW.LW01,5,2014-04-03 13:31:55,2014-04-03 13:32:15,0,9
DeRotterda.West.LW.LW01,1,2014-04-03 13:37:37,2014-04-03 13:37:56,9,0
DeRotterda.West.LW.LW01,18,2014-04-03 13:38:09,2014-04-03 13:38:29,0,9
DeRotterda.West.LW.LW01,13,2014-04-03 13:39:36,2014-04-03 13:40:06,9,30
DeRotterda.West.LW.LW01,1,2014-04-03 13:40:23,2014-04-03 13:40:42,30,19
DeRotterda.West.LW.LW01,8,2014-04-03 13:40:56,2014-04-03 13:41:03,19,20
DeRotterda.West.LW.LW01,1,2014-04-03 13:41:16,2014-04-03 13:41:46,20,15
DeRotterda.West.LW.LW01,6,2014-04-03 13:41:54,2014-04-03 13:42:20,15,0
DeRotterda.West.LW.LW01,5,2014-04-03 13:44:20,2014-04-03 13:44:46,0,15
DeRotterda.West.LW.LW01,1,2014-04-03 13:48:54,2014-04-03 13:49:20,15,0
DeRotterda.West.LW.LW01,0,2014-04-03 13:49:34,2014-04-03 13:50:29,0,44
DeRotterda.West.LW.LW01,2,2014-04-03 13:50:40,2014-04-03 13:51:36,44,0
DeRotterda.West.LW.LW01,6,2014-04-03 13:53:34,2014-04-03 13:54:04,0,19
DeRotterda.West.LW.LW01,1,2014-04-03 13:58:33,2014-04-03 13:59:03,19,0
DeRotterda.West.LW.LW01,15,2014-04-03 14:00:02,2014-04-03 14:00:15,0,4
DeRotterda.West.LW.LW01,27,2014-04-03 14:00:25,2014-04-03 14:00:42,4,11
DeRotterda.West.LW.LW01,24,2014-04-03 14:00:54,2014-04-03 14:01:11,11,20
DeRotterda.West.LW.LW01,13,2014-04-03 14:01:21,2014-04-03 14:01:54,20,44
DeRotterda.West.LW.LW01,7,2014-04-03 14:03:58,2014-04-03 14:04:53,44,0
DeRotterda.West.LW.LW01,6,2014-04-03 14:06:08,2014-04-03 14:06:29,0,9
DeRotterda.West.LW.LW01,1,2014-04-03 14:08:22,2014-04-03 14:08:42,9,0
DeRotterda.West.LW.LW01,4,2014-04-03 14:08:52,2014-04-03 14:09:46,0,44
DeRotterda.West.LW.LW01,3,2014-04-03 14:09:54,2014-04-03 14:10:02,44,43
DeRotterda.West.LW.LW01,6,2014-04-03 14:10:10,2014-04-03 14:11:05,43,0
DeRotterda.West.LW.LW01,12,2014-04-03 14:11:49,2014-04-03 14:12:00,0,2
DeRotterda.West.LW.LW01,13,2014-04-03 14:13:03,2014-04-03 14:13:12,2,4
DeRotterda.West.LW.LW01,11,2014-04-03 14:14:16,2014-04-03 14:14:30,4,0
DeRotterda.West.LW.LW01,6,2014-04-03 14:20:07,2014-04-03 14:20:18,0,2
DeRotterda.West.LW.LW01,1,2014-04-03 14:20:25,2014-04-03 14:20:34,2,4
DeRotterda.West.LW.LW01,0,2014-04-03 14:20:44,2014-04-03 14:20:53,4,2
DeRotterda.West.LW.LW01,7,2014-04-03 14:21:00,2014-04-03 14:21:09,2,4
DeRotterda.West.LW.LW01,1,2014-04-03 14:21:34,2014-04-03 14:21:52,4,4
DeRotterda.West.LW.LW01,6,2014-04-03 14:22:02,2014-04-03 14:22:09,4,3
DeRotterda.West.LW.LW01,6,2014-04-03 14:25:22,2014-04-03 14:25:29,3,4
DeRotterda.West.LW.LW01,11,2014-04-03 14:26:23,2014-04-03 14:26:30,4,3
DeRotterda.West.LW.LW01,11,2014-04-03 14:27:16,2014-04-03 14:27:23,3,2
DeRotterda.West.LW.LW01,1,2014-04-03 14:27:33,2014-04-03 14:27:43,2,0
DeRotterda.West.LW.LW01,0,2014-04-03 14:28:15,2014-04-03 14:29:30,0,44
DeRotterda.West.LW.LW01,13,2014-04-03 14:29:40,2014-04-03 14:30:36,44,0
DeRotterda.West.LW.LW01,1,2014-04-03 14:31:32,2014-04-03 14:31:52,0,9
DeRotterda.West.LW.LW01,7,2014-04-03 14:32:00,2014-04-03 14:32:20,9,0
DeRotterda.West.LW.LW01,1,2014-04-03 14:32:28,2014-04-03 14:32:59,0,20
DeRotterda.West.LW.LW01,4,2014-04-03 14:33:07,2014-04-03 14:33:38,20,0
DeRotterda.West.LW.LW01,9,2014-04-03 14:34:31,2014-04-03 14:35:02,0,20
DeRotterda.West.LW.LW01,8,2014-04-03 14:36:47,2014-04-03 14:37:07,20,9
DeRotterda.West.LW.LW01,1,2014-04-03 14:38:56,2014-04-03 14:39:06,9,11
DeRotterda.West.LW.LW01,7,2014-04-03 14:39:14,2014-04-03 14:39:41,11,30
DeRotterda.West.LW.LW01,7,2014-04-03 14:40:34,2014-04-03 14:41:01,30,11
DeRotterda.West.LW.LW01,1,2014-04-03 14:43:31,2014-04-03 14:43:54,11,0
DeRotterda.West.LW.LW01,6,2014-04-03 14:45:41,2014-04-03 14:46:18,0,26
DeRotterda.West.LW.LW01,8,2014-04-03 14:46:49,2014-04-03 14:47:02,26,31
DeRotterda.West.LW.LW01,8,2014-04-03 14:47:13,2014-04-03 14:47:23,31,33
DeRotterda.West.LW.LW01,3,2014-04-03 14:47:47,2014-04-03 14:47:56,33,35
DeRotterda.West.LW.LW01,2,2014-04-03 14:49:27,2014-04-03 14:49:37,35,33
DeRotterda.West.LW.LW01,8,2014-04-03 14:49:49,2014-04-03 14:49:58,33,35
DeRotterda.West.LW.LW01,9,2014-04-03 14:50:18,2014-04-03 14:50:30,35,38
DeRotterda.West.LW.LW01,9,2014-04-03 14:50:41,2014-04-03 14:51:16,38,42
DeRotterda.West.LW.LW01,9,2014-04-03 14:52:59,2014-04-03 14:53:07,42,43
DeRotterda.West.LW.LW01,9,2014-04-03 14:53:19,2014-04-03 14:53:27,43,44
DeRotterda.West.LW.LW01,10,2014-04-03 14:57:50,2014-04-03 14:58:17,44,25
DeRotterda.West.LW.LW01,2,2014-04-03 14:58:29,2014-04-03 14:58:37,25,24
DeRotterda.West.LW.LW01,1,2014-04-03 14:58:47,2014-04-03 14:58:55,24,25
DeRotterda.West.LW.LW01,6,2014-04-03 14:59:09,2014-04-03 14:59:45,25,0
DeRotterda.West.LW.LW01,0,2014-04-03 15:04:51,2014-04-03 15:05:47,0,44
DeRotterda.West.LW.LW01,13,2014-04-03 15:05:54,2014-04-03 15:06:18,44,29
DeRotterda.West.LW.LW01,13,2014-04-03 15:08:38,2014-04-03 15:08:57,29,19
DeRotterda.West.LW.LW01,2,2014-04-03 15:09:50,2014-04-03 15:10:00,19,22
DeRotterda.West.LW.LW01,15,2014-04-03 15:12:32,2014-04-03 15:13:01,22,2
DeRotterda.West.LW.LW01,7,2014-04-03 15:14:50,2014-04-03 15:15:06,2,9
DeRotterda.West.LW.LW01,1,2014-04-03 15:16:01,2014-04-03 15:16:17,9,2
DeRotterda.West.LW.LW01,13,2014-04-03 15:16:27,2014-04-03 15:16:57,2,22
DeRotterda.West.LW.LW01,1,2014-04-03 15:20:56,2014-04-03 15:21:09,22,17
DeRotterda.West.LW.LW01,9,2014-04-03 15:21:17,2014-04-03 15:21:40,17,4
DeRotterda.West.LW.LW01,1,2014-04-03 15:22:00,2014-04-03 15:22:13,4,0
DeRotterda.West.LW.LW01,0,2014-04-03 15:22:27,2014-04-03 15:23:11,0,33
DeRotterda.West.LW.LW01,1,2014-04-03 15:23:21,2014-04-03 15:23:33,33,38
DeRotterda.West.LW.LW01,2,2014-04-03 15:39:17,2014-04-03 15:39:38,38,25
DeRotterda.West.LW.LW01,13,2014-04-03 15:39:48,2014-04-03 15:40:24,25,0
DeRotterda.West.LW.LW01,1,2014-04-03 15:45:09,2014-04-03 15:46:04,0,44
DeRotterda.West.LW.LW01,2,2014-04-03 15:51:11,2014-04-03 15:51:33,44,30
DeRotterda.West.LW.LW01,14,2014-04-03 15:51:43,2014-04-03 15:52:24,30,0
DeRotterda.West.LW.LW01,1,2014-04-03 15:53:45,2014-04-03 15:54:22,0,25
DeRotterda.West.LW.LW01,13,2014-04-03 15:55:43,2014-04-03 15:56:20,25,0
DeRotterda.West.LW.LW01,1,2014-04-03 16:01:44,2014-04-03 16:02:12,0,11
DeRotterda.West.LW.LW01,1,2014-04-03 16:04:14,2014-04-03 16:04:39,11,0
DeRotterda.West.LW.LW01,1,2014-04-03 16:05:28,2014-04-03 16:05:39,0,2
DeRotterda.West.LW.LW01,7,2014-04-03 16:06:22,2014-04-03 16:06:33,2,0
DeRotterda.West.LW.LW01,0,2014-04-03 16:06:58,2014-04-03 16:23:11,0,0
DeRotterda.West.LW.LW01,4,2014-04-03 16:23:20,2014-04-03 16:23:42,0,11
DeRotterda.West.LW.LW01,1,2014-04-03 16:33:52,2014-04-03 16:34:18,11,0
DeRotterda.West.LW.LW01,11,2014-04-03 16:34:36,2014-04-03 16:34:58,0,11
DeRotterda.West.LW.LW01,8,2014-04-03 16:35:07,2014-04-03 16:35:32,11,25
DeRotterda.West.LW.LW01,2,2014-04-03 16:42:02,2014-04-03 16:42:39,25,0
DeRotterda.West.LW.LW01,13,2014-04-03 16:42:49,2014-04-03 16:43:15,0,15
DeRotterda.West.LW.LW01,10,2014-04-03 16:43:22,2014-04-03 16:43:34,15,19
DeRotterda.West.LW.LW01,1,2014-04-03 16:45:31,2014-04-03 16:45:51,19,7
DeRotterda.West.LW.LW01,10,2014-04-03 16:46:00,2014-04-03 16:46:18,7,0
DeRotterda.West.LW.LW01,1,2014-04-03 16:52:37,2014-04-03 16:52:58,0,11
DeRotterda.West.LW.LW01,7,2014-04-03 16:53:06,2014-04-03 16:53:28,11,0
DeRotterda.West.LW.LW01,0,2014-04-03 16:57:47,2014-04-03 16:58:10,0,11
DeRotterda.West.LW.LW01,6,2014-04-03 16:58:17,2014-04-03 16:58:39,11,0
DeRotterda.West.LW.LW01,10,2014-04-03 17:02:24,2014-04-03 17:02:45,0,11
DeRotterda.West.LW.LW01,1,2014-04-03 17:11:31,2014-04-03 17:11:48,11,19
DeRotterda.West.LW.LW01,5,2014-04-03 17:12:04,2014-04-03 17:12:31,19,2
DeRotterda.West.LW.LW01,1,2014-04-03 17:14:40,2014-04-03 17:14:51,2,0
DeRotterda.West.LW.LW01,5,2014-04-03 17:15:00,2014-04-03 17:15:34,0,23
DeRotterda.West.LW.LW01,1,2014-04-03 17:19:16,2014-04-03 17:19:31,23,30
DeRotterda.West.LW.LW01,13,2014-04-03 17:19:40,2014-04-03 17:20:10,30,9
DeRotterda.West.LW.LW01,1,2014-04-03 17:24:42,2014-04-03 17:25:02,9,0
DeRotterda.West.LW.LW01,6,2014-04-03 17:25:09,2014-04-03 17:25:34,0,14
DeRotterda.West.LW.LW01,6,2014-04-03 17:28:55,2014-04-03 17:29:21,14,0
DeRotterda.West.LW.LW01,1,2014-04-03 17:29:42,2014-04-03 17:30:10,0,17
DeRotterda.West.LW.LW01,8,2014-04-03 17:30:18,2014-04-03 17:30:44,17,1
DeRotterda.West.LW.LW01,8,2014-04-03 17:31:33,2014-04-03 17:31:42,1,0
DeRotterda.West.LW.LW01,0,2014-04-03 17:33:48,2014-04-03 17:34:08,0,9
DeRotterda.West.LW.LW01,7,2014-04-03 17:34:16,2014-04-03 17:34:33,9,2
DeRotterda.West.LW.LW01,1,2014-04-03 17:58:49,2014-04-03 17:58:57,2,1
DeRotterda.West.LW.LW01,4,2014-04-03 17:59:07,2014-04-03 17:59:28,1,12
DeRotterda.West.LW.LW01,1,2014-04-03 18:01:00,2014-04-03 18:01:07,12,11
DeRotterda.West.LW.LW01,12,2014-04-03 18:01:35,2014-04-03 18:01:58,11,0
DeRotterda.West.LW.LW01,11,2014-04-03 18:16:05,2014-04-03 18:16:39,0,23
DeRotterda.West.LW.LW01,8,2014-04-03 18:16:48,2014-04-03 18:16:55,23,24
DeRotterda.West.LW.LW01,1,2014-04-03 18:31:10,2014-04-03 18:31:45,24,0
DeRotterda.West.LW.LW01,4,2014-04-03 18:31:53,2014-04-03 18:32:24,0,20
DeRotterda.West.LW.LW01,1,2014-04-03 18:34:54,2014-04-03 18:35:26,20,0
DeRotterda.West.LW.LW01,13,2014-04-03 18:35:37,2014-04-03 18:36:03,0,15
DeRotterda.West.LW.LW01,1,2014-04-03 18:36:46,2014-04-03 18:37:12,15,0
DeRotterda.West.LW.LW01,9,2014-04-03 18:37:28,2014-04-03 18:37:47,0,8
DeRotterda.West.LW.LW01,7,2014-04-03 18:37:53,2014-04-03 18:38:01,8,9
DeRotterda.West.LW.LW01,6,2014-04-03 18:38:13,2014-04-03 18:38:36,9,24
DeRotterda.West.LW.LW01,1,2014-04-03 18:40:28,2014-04-03 18:41:03,24,0
DeRotterda.West.LW.LW01,6,2014-04-03 18:41:11,2014-04-03 18:41:36,0,14
DeRotterda.West.LW.LW01,1,2014-04-03 18:50:24,2014-04-03 18:50:49,14,0
DeRotterda.West.LW.LW01,6,2014-04-03 18:50:58,2014-04-03 18:51:45,0,35
DeRotterda.West.LW.LW01,17,2014-04-03 18:58:47,2014-04-03 18:59:34,35,0
DeRotterda.West.LW.LW01,1,2014-04-03 19:00:13,2014-04-03 19:00:23,0,2
DeRotterda.West.LW.LW01,5,2014-04-03 19:00:32,2014-04-03 19:00:56,2,17
DeRotterda.West.LW.LW01,1,2014-04-03 19:01:13,2014-04-03 19:01:40,17,0
DeRotterda.West.LW.LW01,9,2014-04-03 19:01:50,2014-04-03 19:02:21,0,20
DeRotterda.West.LW.LW01,1,2014-04-03 19:06:17,2014-04-03 19:06:47,20,0
DeRotterda.West.LW.LW01,5,2014-04-03 19:06:59,2014-04-03 19:07:17,0,7
DeRotterda.West.LW.LW01,1,2014-04-03 19:13:14,2014-04-03 19:13:35,7,0
DeRotterda.West.LW.LW01,10,2014-04-03 19:13:45,2014-04-03 19:14:31,0,35
DeRotterda.West.LW.LW01,3,2014-04-03 19:14:48,2014-04-03 19:15:34,35,0
DeRotterda.West.LW.LW01,0,2014-04-03 19:15:44,2014-04-03 19:16:36,0,41
DeRotterda.West.LW.LW01,2,2014-04-03 19:25:08,2014-04-03 19:25:49,41,20
DeRotterda.West.LW.LW01,6,2014-04-03 19:25:57,2014-04-03 19:26:28,20,0
DeRotterda.West.LW.LW01,6,2014-04-03 19:28:15,2014-04-03 19:28:48,0,22
DeRotterda.West.LW.LW01,12,2014-04-03 19:51:16,2014-04-03 19:51:50,22,0
DeRotterda.West.LW.LW01,6,2014-04-03 20:05:36,2014-04-03 20:05:55,0,9
DeRotterda.West.LW.LW01,1,2014-04-03 20:07:46,2014-04-03 20:08:10,9,25
DeRotterda.West.LW.LW01,6,2014-04-03 20:08:17,2014-04-03 20:08:36,25,14
DeRotterda.West.LW.LW01,10,2014-04-03 20:08:45,2014-04-03 20:09:10,14,0
DeRotterda.West.LW.LW01,1,2014-04-03 20:12:35,2014-04-03 20:13:00,0,15
DeRotterda.West.LW.LW01,4,2014-04-03 20:13:08,2014-04-03 20:13:35,15,0
DeRotterda.West.LW.LW01,8,2014-04-03 20:19:34,2014-04-03 20:19:56,0,12
DeRotterda.West.LW.LW01,7,2014-04-03 20:20:06,2014-04-03 20:20:21,12,18
DeRotterda.West.LW.LW01,1,2014-04-03 20:27:53,2014-04-03 20:28:00,18,17
DeRotterda.West.LW.LW01,9,2014-04-03 20:28:07,2014-04-03 20:28:32,17,2
DeRotterda.West.LW.LW01,1,2014-04-03 20:37:19,2014-04-03 20:37:33,2,7
DeRotterda.West.LW.LW01,6,2014-04-03 20:37:48,2014-04-03 20:38:09,7,20
DeRotterda.West.LW.LW01,7,2014-04-03 20:49:47,2014-04-03 20:50:09,20,7
DeRotterda.West.LW.LW01,1,2014-04-03 20:58:02,2014-04-03 20:58:20,7,0
DeRotterda.West.LW.LW01,8,2014-04-03 20:58:28,2014-04-03 20:58:46,0,7
DeRotterda.West.LW.LW01,11,2014-04-03 20:59:40,2014-04-03 20:59:57,7,0
DeRotterda.West.LW.LW01,7,2014-04-03 21:00:04,2014-04-03 21:00:22,0,7
DeRotterda.West.LW.LW01,7,2014-04-03 21:00:27,2014-04-03 21:00:48,7,20
DeRotterda.West.LW.LW01,7,2014-04-03 21:02:03,2014-04-03 21:02:35,20,0
DeRotterda.West.LW.LW01,11,2014-04-03 21:31:08,2014-04-03 21:31:42,0,23
DeRotterda.West.LW.LW01,13,2014-04-03 21:51:32,2014-04-03 21:52:07,23,0
DeRotterda.West.LW.LW01,1,2014-04-03 22:00:39,2014-04-03 22:00:50,0,2
DeRotterda.West.LW.LW01,8,2014-04-03 22:00:59,2014-04-03 22:01:23,2,17
DeRotterda.West.LW.LW01,6,2014-04-03 22:14:11,2014-04-03 22:14:39,17,0
DeRotterda.West.LW.LW01,5,2014-04-03 22:15:22,2014-04-03 22:15:50,0,17
DeRotterda.West.LW.LW01,1,2014-04-03 22:21:11,2014-04-03 22:21:39,17,0
DeRotterda.West.LW.LW01,6,2014-04-03 22:21:48,2014-04-03 22:22:05,0,7
DeRotterda.West.LW.LW01,7,2014-04-03 22:23:08,2014-04-03 22:23:25,7,0
DeRotterda.West.LW.LW01,11,2014-04-03 22:29:33,2014-04-03 22:30:06,0,22
DeRotterda.West.LW.LW01,2,2014-04-03 23:48:16,2014-04-03 23:48:49,22,0
DeRotterda.West.LW.LW01,6,2014-04-03 23:48:59,2014-04-03 23:49:17,0,7
DeRotterda.West.LW.LW01,1,2014-04-02 21:20:21,2014-04-02 21:20:29,7,43
